"epoch","1-graph - _step","1-graph - _step__MIN","1-graph - _step__MAX","1-graph - train.r2","1-graph - train.r2__MIN","1-graph - train.r2__MAX","1-graph - valid.r2","1-graph - valid.r2__MIN","1-graph - valid.r2__MAX","baseline_e - _step","baseline_e - _step__MIN","baseline_e - _step__MAX","baseline_e - train.r2","baseline_e - train.r2__MIN","baseline_e - train.r2__MAX","baseline_e - valid.r2","baseline_e - valid.r2__MIN","baseline_e - valid.r2__MAX"
"1","0","0","0","-6.528908729553223","-6.528908729553223","-6.528908729553223","0.3916517496109009","0.3916517496109009","0.3916517496109009","0","0","0","0.08772885799407959","0.08772885799407959","0.08772885799407959","0.46110600233078003","0.46110600233078003","0.46110600233078003"
"2","1","1","1","0.3120015263557434","0.3120015263557434","0.3120015263557434","0.45394694805145264","0.45394694805145264","0.45394694805145264","1","1","1","0.32811737060546875","0.32811737060546875","0.32811737060546875","0.48643869161605835","0.48643869161605835","0.48643869161605835"
"3","2","2","2","0.4621623754501343","0.4621623754501343","0.4621623754501343","0.5870985984802246","0.5870985984802246","0.5870985984802246","2","2","2","0.3436428904533386","0.3436428904533386","0.3436428904533386","0.5515897274017334","0.5515897274017334","0.5515897274017334"
"4","3","3","3","0.509729266166687","0.509729266166687","0.509729266166687","0.5820488333702087","0.5820488333702087","0.5820488333702087","3","3","3","0.36296093463897705","0.36296093463897705","0.36296093463897705","0.5380624532699585","0.5380624532699585","0.5380624532699585"
"5","4","4","4","0.5892212390899658","0.5892212390899658","0.5892212390899658","0.6973708868026733","0.6973708868026733","0.6973708868026733","4","4","4","0.35383427143096924","0.35383427143096924","0.35383427143096924","0.6238154172897339","0.6238154172897339","0.6238154172897339"
"6","5","5","5","0.6223047971725464","0.6223047971725464","0.6223047971725464","0.7066284418106079","0.7066284418106079","0.7066284418106079","5","5","5","0.3725901246070862","0.3725901246070862","0.3725901246070862","0.5355616807937622","0.5355616807937622","0.5355616807937622"
"7","6","6","6","0.6447759866714478","0.6447759866714478","0.6447759866714478","0.7288118600845337","0.7288118600845337","0.7288118600845337","6","6","6","0.3764232397079468","0.3764232397079468","0.3764232397079468","0.4947035312652588","0.4947035312652588","0.4947035312652588"
"8","7","7","7","0.6730875372886658","0.6730875372886658","0.6730875372886658","0.7646665573120117","0.7646665573120117","0.7646665573120117","7","7","7","0.37727952003479004","0.37727952003479004","0.37727952003479004","0.48177647590637207","0.48177647590637207","0.48177647590637207"
"9","8","8","8","0.6852060556411743","0.6852060556411743","0.6852060556411743","0.7404229044914246","0.7404229044914246","0.7404229044914246","8","8","8","0.3637803792953491","0.3637803792953491","0.3637803792953491","0.5029580593109131","0.5029580593109131","0.5029580593109131"
"10","9","9","9","0.6841000318527222","0.6841000318527222","0.6841000318527222","0.7639772891998291","0.7639772891998291","0.7639772891998291","9","9","9","0.3789951801300049","0.3789951801300049","0.3789951801300049","0.5803183317184448","0.5803183317184448","0.5803183317184448"
"11","10","10","10","0.692717432975769","0.692717432975769","0.692717432975769","0.7519265413284302","0.7519265413284302","0.7519265413284302","10","10","10","0.3788790702819824","0.3788790702819824","0.3788790702819824","0.5764524936676025","0.5764524936676025","0.5764524936676025"
"12","11","11","11","0.7009682655334473","0.7009682655334473","0.7009682655334473","0.7463128566741943","0.7463128566741943","0.7463128566741943","11","11","11","0.38141804933547974","0.38141804933547974","0.38141804933547974","0.5312749147415161","0.5312749147415161","0.5312749147415161"
"13","12","12","12","0.7016458511352539","0.7016458511352539","0.7016458511352539","0.7771638631820679","0.7771638631820679","0.7771638631820679","12","12","12","0.34371447563171387","0.34371447563171387","0.34371447563171387","0.5038011074066162","0.5038011074066162","0.5038011074066162"
"14","13","13","13","0.7096459269523621","0.7096459269523621","0.7096459269523621","0.7750052809715271","0.7750052809715271","0.7750052809715271","13","13","13","0.3689233660697937","0.3689233660697937","0.3689233660697937","0.48445600271224976","0.48445600271224976","0.48445600271224976"
"15","14","14","14","0.7120801210403442","0.7120801210403442","0.7120801210403442","0.7630352973937988","0.7630352973937988","0.7630352973937988","14","14","14","0.38218367099761963","0.38218367099761963","0.38218367099761963","0.5440971851348877","0.5440971851348877","0.5440971851348877"
"16","15","15","15","0.7227320075035095","0.7227320075035095","0.7227320075035095","0.780977189540863","0.780977189540863","0.780977189540863","15","15","15","0.37296760082244873","0.37296760082244873","0.37296760082244873","0.49368351697921753","0.49368351697921753","0.49368351697921753"
"17","16","16","16","0.7185877561569214","0.7185877561569214","0.7185877561569214","0.7778418660163879","0.7778418660163879","0.7778418660163879","16","16","16","0.375948429107666","0.375948429107666","0.375948429107666","0.5141652822494507","0.5141652822494507","0.5141652822494507"
"18","17","17","17","0.7305314540863037","0.7305314540863037","0.7305314540863037","0.777613639831543","0.777613639831543","0.777613639831543","17","17","17","0.3754669427871704","0.3754669427871704","0.3754669427871704","0.4770340323448181","0.4770340323448181","0.4770340323448181"
"19","18","18","18","0.7233537435531616","0.7233537435531616","0.7233537435531616","0.7726117372512817","0.7726117372512817","0.7726117372512817","18","18","18","0.37301552295684814","0.37301552295684814","0.37301552295684814","0.5667287707328796","0.5667287707328796","0.5667287707328796"
"20","19","19","19","0.7312746047973633","0.7312746047973633","0.7312746047973633","0.7798702120780945","0.7798702120780945","0.7798702120780945","19","19","19","0.3700435161590576","0.3700435161590576","0.3700435161590576","0.44606655836105347","0.44606655836105347","0.44606655836105347"
"21","20","20","20","0.7326589822769165","0.7326589822769165","0.7326589822769165","0.7617526650428772","0.7617526650428772","0.7617526650428772","20","20","20","0.38115429878234863","0.38115429878234863","0.38115429878234863","0.5498577356338501","0.5498577356338501","0.5498577356338501"
"22","21","21","21","0.7285053730010986","0.7285053730010986","0.7285053730010986","0.7854015827178955","0.7854015827178955","0.7854015827178955","21","21","21","0.3807603716850281","0.3807603716850281","0.3807603716850281","0.37398475408554077","0.37398475408554077","0.37398475408554077"
"23","22","22","22","0.7368568181991577","0.7368568181991577","0.7368568181991577","0.7806921601295471","0.7806921601295471","0.7806921601295471","22","22","22","0.37577176094055176","0.37577176094055176","0.37577176094055176","0.516464114189148","0.516464114189148","0.516464114189148"
"24","23","23","23","0.7293205261230469","0.7293205261230469","0.7293205261230469","0.7904040813446045","0.7904040813446045","0.7904040813446045","23","23","23","0.3631402850151062","0.3631402850151062","0.3631402850151062","0.5781569480895996","0.5781569480895996","0.5781569480895996"
"25","24","24","24","0.7357105016708374","0.7357105016708374","0.7357105016708374","0.7776327729225159","0.7776327729225159","0.7776327729225159","24","24","24","0.3655993342399597","0.3655993342399597","0.3655993342399597","0.48304641246795654","0.48304641246795654","0.48304641246795654"
"26","25","25","25","0.7377444505691528","0.7377444505691528","0.7377444505691528","0.793696939945221","0.793696939945221","0.793696939945221","25","25","25","0.37810367345809937","0.37810367345809937","0.37810367345809937","0.5402092933654785","0.5402092933654785","0.5402092933654785"
"27","26","26","26","0.7350208759307861","0.7350208759307861","0.7350208759307861","0.7915270924568176","0.7915270924568176","0.7915270924568176","26","26","26","0.3562122583389282","0.3562122583389282","0.3562122583389282","0.4612400531768799","0.4612400531768799","0.4612400531768799"
"28","27","27","27","0.7368569374084473","0.7368569374084473","0.7368569374084473","0.7719194293022156","0.7719194293022156","0.7719194293022156","27","27","27","0.3701106309890747","0.3701106309890747","0.3701106309890747","0.4214628338813782","0.4214628338813782","0.4214628338813782"
"29","28","28","28","0.7413533926010132","0.7413533926010132","0.7413533926010132","0.7697474956512451","0.7697474956512451","0.7697474956512451","28","28","28","0.3790561556816101","0.3790561556816101","0.3790561556816101","0.5497676730155945","0.5497676730155945","0.5497676730155945"
"30","29","29","29","0.7417342662811279","0.7417342662811279","0.7417342662811279","0.7923719882965088","0.7923719882965088","0.7923719882965088","29","29","29","0.38858509063720703","0.38858509063720703","0.38858509063720703","0.4726563096046448","0.4726563096046448","0.4726563096046448"
"31","30","30","30","0.7422701120376587","0.7422701120376587","0.7422701120376587","0.7562263011932373","0.7562263011932373","0.7562263011932373","30","30","30","0.37469011545181274","0.37469011545181274","0.37469011545181274","0.47379070520401","0.47379070520401","0.47379070520401"
"32","31","31","31","0.7561852931976318","0.7561852931976318","0.7561852931976318","0.7793674468994141","0.7793674468994141","0.7793674468994141","31","31","31","0.38210320472717285","0.38210320472717285","0.38210320472717285","0.5494488477706909","0.5494488477706909","0.5494488477706909"
"33","32","32","32","0.7544013261795044","0.7544013261795044","0.7544013261795044","0.768853485584259","0.768853485584259","0.768853485584259","32","32","32","0.38640546798706055","0.38640546798706055","0.38640546798706055","0.5861164331436157","0.5861164331436157","0.5861164331436157"
"34","33","33","33","0.7507535219192505","0.7507535219192505","0.7507535219192505","0.7880542278289795","0.7880542278289795","0.7880542278289795","33","33","33","0.4031621813774109","0.4031621813774109","0.4031621813774109","0.5059687495231628","0.5059687495231628","0.5059687495231628"
"35","34","34","34","0.7533053159713745","0.7533053159713745","0.7533053159713745","0.7952345609664917","0.7952345609664917","0.7952345609664917","34","34","34","0.4004135727882385","0.4004135727882385","0.4004135727882385","0.45352208614349365","0.45352208614349365","0.45352208614349365"
"36","35","35","35","0.7555279731750488","0.7555279731750488","0.7555279731750488","0.7986077666282654","0.7986077666282654","0.7986077666282654","35","35","35","0.3836900591850281","0.3836900591850281","0.3836900591850281","0.5831949710845947","0.5831949710845947","0.5831949710845947"
"37","36","36","36","0.7557550668716431","0.7557550668716431","0.7557550668716431","0.7981045246124268","0.7981045246124268","0.7981045246124268","36","36","36","0.37215232849121094","0.37215232849121094","0.37215232849121094","0.5040095448493958","0.5040095448493958","0.5040095448493958"
"38","37","37","37","0.7539651393890381","0.7539651393890381","0.7539651393890381","0.7789251804351807","0.7789251804351807","0.7789251804351807","37","37","37","0.3800109028816223","0.3800109028816223","0.3800109028816223","0.5158158540725708","0.5158158540725708","0.5158158540725708"
"39","38","38","38","0.7588939070701599","0.7588939070701599","0.7588939070701599","0.7988641262054443","0.7988641262054443","0.7988641262054443","38","38","38","0.39528709650039673","0.39528709650039673","0.39528709650039673","0.46364569664001465","0.46364569664001465","0.46364569664001465"
"40","39","39","39","0.7551712989807129","0.7551712989807129","0.7551712989807129","0.7927871942520142","0.7927871942520142","0.7927871942520142","39","39","39","0.3843644857406616","0.3843644857406616","0.3843644857406616","0.4811341166496277","0.4811341166496277","0.4811341166496277"
"41","40","40","40","0.757623016834259","0.757623016834259","0.757623016834259","0.7954905033111572","0.7954905033111572","0.7954905033111572","40","40","40","0.3890025019645691","0.3890025019645691","0.3890025019645691","0.47192078828811646","0.47192078828811646","0.47192078828811646"
"42","41","41","41","0.7595452666282654","0.7595452666282654","0.7595452666282654","0.7851159572601318","0.7851159572601318","0.7851159572601318","41","41","41","0.3712853789329529","0.3712853789329529","0.3712853789329529","0.5721042156219482","0.5721042156219482","0.5721042156219482"
"43","42","42","42","0.7651873826980591","0.7651873826980591","0.7651873826980591","0.7996755242347717","0.7996755242347717","0.7996755242347717","42","42","42","0.3901948928833008","0.3901948928833008","0.3901948928833008","0.498252272605896","0.498252272605896","0.498252272605896"
"44","43","43","43","0.762752890586853","0.762752890586853","0.762752890586853","0.7649872303009033","0.7649872303009033","0.7649872303009033","43","43","43","0.3945770859718323","0.3945770859718323","0.3945770859718323","0.5121183395385742","0.5121183395385742","0.5121183395385742"
"45","44","44","44","0.7747334241867065","0.7747334241867065","0.7747334241867065","0.7862626314163208","0.7862626314163208","0.7862626314163208","44","44","44","0.3980385661125183","0.3980385661125183","0.3980385661125183","0.4776785969734192","0.4776785969734192","0.4776785969734192"
"46","45","45","45","0.77576744556427","0.77576744556427","0.77576744556427","0.7869689464569092","0.7869689464569092","0.7869689464569092","45","45","45","0.3932031989097595","0.3932031989097595","0.3932031989097595","0.5105231404304504","0.5105231404304504","0.5105231404304504"
"47","46","46","46","0.7673417925834656","0.7673417925834656","0.7673417925834656","0.7866228818893433","0.7866228818893433","0.7866228818893433","46","46","46","0.38957709074020386","0.38957709074020386","0.38957709074020386","0.5058896541595459","0.5058896541595459","0.5058896541595459"
"48","47","47","47","0.7757043838500977","0.7757043838500977","0.7757043838500977","0.7745423913002014","0.7745423913002014","0.7745423913002014","47","47","47","0.3610333204269409","0.3610333204269409","0.3610333204269409","0.51701420545578","0.51701420545578","0.51701420545578"
"49","48","48","48","0.7824028730392456","0.7824028730392456","0.7824028730392456","0.80185866355896","0.80185866355896","0.80185866355896","48","48","48","0.3718898296356201","0.3718898296356201","0.3718898296356201","0.486916720867157","0.486916720867157","0.486916720867157"
"50","49","49","49","0.7691667079925537","0.7691667079925537","0.7691667079925537","0.7869237661361694","0.7869237661361694","0.7869237661361694","49","49","49","0.3970520496368408","0.3970520496368408","0.3970520496368408","0.5130648612976074","0.5130648612976074","0.5130648612976074"
"51","50","50","50","0.7831612229347229","0.7831612229347229","0.7831612229347229","0.7419389486312866","0.7419389486312866","0.7419389486312866","50","50","50","0.38920801877975464","0.38920801877975464","0.38920801877975464","0.5360748767852783","0.5360748767852783","0.5360748767852783"
"52","51","51","51","0.7762821316719055","0.7762821316719055","0.7762821316719055","0.7920291423797607","0.7920291423797607","0.7920291423797607","51","51","51","0.3823380470275879","0.3823380470275879","0.3823380470275879","0.5302366018295288","0.5302366018295288","0.5302366018295288"
"53","52","52","52","0.7872249484062195","0.7872249484062195","0.7872249484062195","0.742598831653595","0.742598831653595","0.742598831653595","52","52","52","0.3821449279785156","0.3821449279785156","0.3821449279785156","0.5471149682998657","0.5471149682998657","0.5471149682998657"
"54","53","53","53","0.7891865968704224","0.7891865968704224","0.7891865968704224","0.7645125985145569","0.7645125985145569","0.7645125985145569","53","53","53","0.38559722900390625","0.38559722900390625","0.38559722900390625","0.5539370775222778","0.5539370775222778","0.5539370775222778"
"55","54","54","54","0.7813214063644409","0.7813214063644409","0.7813214063644409","0.7854089736938477","0.7854089736938477","0.7854089736938477","54","54","54","0.36651623249053955","0.36651623249053955","0.36651623249053955","0.4996122717857361","0.4996122717857361","0.4996122717857361"
"56","55","55","55","0.7916780114173889","0.7916780114173889","0.7916780114173889","0.7663124203681946","0.7663124203681946","0.7663124203681946","55","55","55","0.40638428926467896","0.40638428926467896","0.40638428926467896","0.49615293741226196","0.49615293741226196","0.49615293741226196"
"57","56","56","56","0.7963959574699402","0.7963959574699402","0.7963959574699402","0.7740682363510132","0.7740682363510132","0.7740682363510132","56","56","56","0.39781564474105835","0.39781564474105835","0.39781564474105835","0.4845896363258362","0.4845896363258362","0.4845896363258362"
"58","57","57","57","0.799512505531311","0.799512505531311","0.799512505531311","0.7464547157287598","0.7464547157287598","0.7464547157287598","57","57","57","0.3859039545059204","0.3859039545059204","0.3859039545059204","0.5184363126754761","0.5184363126754761","0.5184363126754761"
"59","58","58","58","0.7913652658462524","0.7913652658462524","0.7913652658462524","0.7824459075927734","0.7824459075927734","0.7824459075927734","58","58","58","0.3915747404098511","0.3915747404098511","0.3915747404098511","0.5174069404602051","0.5174069404602051","0.5174069404602051"
"60","59","59","59","0.7977891564369202","0.7977891564369202","0.7977891564369202","0.7873420119285583","0.7873420119285583","0.7873420119285583","59","59","59","0.3800179958343506","0.3800179958343506","0.3800179958343506","0.39593827724456787","0.39593827724456787","0.39593827724456787"
"61","60","60","60","0.7938274145126343","0.7938274145126343","0.7938274145126343","0.7600526809692383","0.7600526809692383","0.7600526809692383","60","60","60","0.3772318959236145","0.3772318959236145","0.3772318959236145","0.6031394004821777","0.6031394004821777","0.6031394004821777"
"62","61","61","61","0.8075436353683472","0.8075436353683472","0.8075436353683472","0.7777090072631836","0.7777090072631836","0.7777090072631836","61","61","61","0.392744243144989","0.392744243144989","0.392744243144989","0.5618113279342651","0.5618113279342651","0.5618113279342651"
"63","62","62","62","0.8059255480766296","0.8059255480766296","0.8059255480766296","0.782879650592804","0.782879650592804","0.782879650592804","62","62","62","0.3636564016342163","0.3636564016342163","0.3636564016342163","0.49619126319885254","0.49619126319885254","0.49619126319885254"
"64","63","63","63","0.8085259199142456","0.8085259199142456","0.8085259199142456","0.7914090752601624","0.7914090752601624","0.7914090752601624","63","63","63","0.3758721947669983","0.3758721947669983","0.3758721947669983","0.5392473340034485","0.5392473340034485","0.5392473340034485"
"65","64","64","64","0.8014798164367676","0.8014798164367676","0.8014798164367676","0.7623945474624634","0.7623945474624634","0.7623945474624634","64","64","64","0.389618456363678","0.389618456363678","0.389618456363678","0.532455325126648","0.532455325126648","0.532455325126648"
"66","65","65","65","0.8006691932678223","0.8006691932678223","0.8006691932678223","0.7839221954345703","0.7839221954345703","0.7839221954345703","65","65","65","0.3752645254135132","0.3752645254135132","0.3752645254135132","0.4567188620567322","0.4567188620567322","0.4567188620567322"
"67","66","66","66","0.8126822113990784","0.8126822113990784","0.8126822113990784","0.7774739861488342","0.7774739861488342","0.7774739861488342","66","66","66","0.38296061754226685","0.38296061754226685","0.38296061754226685","0.5590391159057617","0.5590391159057617","0.5590391159057617"
"68","67","67","67","0.8080898523330688","0.8080898523330688","0.8080898523330688","0.7656922340393066","0.7656922340393066","0.7656922340393066","67","67","67","0.3655213713645935","0.3655213713645935","0.3655213713645935","0.5133448243141174","0.5133448243141174","0.5133448243141174"
"69","68","68","68","0.8164520263671875","0.8164520263671875","0.8164520263671875","0.7898598909378052","0.7898598909378052","0.7898598909378052","68","68","68","0.39136749505996704","0.39136749505996704","0.39136749505996704","0.4845985174179077","0.4845985174179077","0.4845985174179077"
"70","69","69","69","0.8139718174934387","0.8139718174934387","0.8139718174934387","0.7866302728652954","0.7866302728652954","0.7866302728652954","69","69","69","0.37864983081817627","0.37864983081817627","0.37864983081817627","0.5312575101852417","0.5312575101852417","0.5312575101852417"
"71","70","70","70","0.8167843818664551","0.8167843818664551","0.8167843818664551","0.7832269668579102","0.7832269668579102","0.7832269668579102","70","70","70","0.39918816089630127","0.39918816089630127","0.39918816089630127","0.37857699394226074","0.37857699394226074","0.37857699394226074"
"72","71","71","71","0.816216766834259","0.816216766834259","0.816216766834259","0.7657566666603088","0.7657566666603088","0.7657566666603088","71","71","71","0.368752658367157","0.368752658367157","0.368752658367157","0.4663848876953125","0.4663848876953125","0.4663848876953125"
"73","72","72","72","0.8128132224082947","0.8128132224082947","0.8128132224082947","0.7380380630493164","0.7380380630493164","0.7380380630493164","72","72","72","0.3964870572090149","0.3964870572090149","0.3964870572090149","0.5109025835990906","0.5109025835990906","0.5109025835990906"
"74","73","73","73","0.8084025382995605","0.8084025382995605","0.8084025382995605","0.7871124148368835","0.7871124148368835","0.7871124148368835","73","73","73","0.3809276819229126","0.3809276819229126","0.3809276819229126","0.4063338041305542","0.4063338041305542","0.4063338041305542"
"75","74","74","74","0.8117634057998657","0.8117634057998657","0.8117634057998657","0.7826747298240662","0.7826747298240662","0.7826747298240662","74","74","74","0.3843122720718384","0.3843122720718384","0.3843122720718384","0.49565285444259644","0.49565285444259644","0.49565285444259644"
"76","75","75","75","0.820845365524292","0.820845365524292","0.820845365524292","0.7807340621948242","0.7807340621948242","0.7807340621948242","75","75","75","0.3773308992385864","0.3773308992385864","0.3773308992385864","0.5951817035675049","0.5951817035675049","0.5951817035675049"
"77","76","76","76","0.8122810125350952","0.8122810125350952","0.8122810125350952","0.7665104269981384","0.7665104269981384","0.7665104269981384","76","76","76","0.3786144256591797","0.3786144256591797","0.3786144256591797","0.5320325493812561","0.5320325493812561","0.5320325493812561"
"78","77","77","77","0.8185747861862183","0.8185747861862183","0.8185747861862183","0.7745144367218018","0.7745144367218018","0.7745144367218018","77","77","77","0.3859989047050476","0.3859989047050476","0.3859989047050476","0.4897747039794922","0.4897747039794922","0.4897747039794922"
"79","78","78","78","0.8246424198150635","0.8246424198150635","0.8246424198150635","0.7927355766296387","0.7927355766296387","0.7927355766296387","78","78","78","0.37364667654037476","0.37364667654037476","0.37364667654037476","0.532677173614502","0.532677173614502","0.532677173614502"
"80","79","79","79","0.8269937038421631","0.8269937038421631","0.8269937038421631","0.8013355731964111","0.8013355731964111","0.8013355731964111","79","79","79","0.3966867923736572","0.3966867923736572","0.3966867923736572","0.5454577207565308","0.5454577207565308","0.5454577207565308"
"81","80","80","80","0.8229514360427856","0.8229514360427856","0.8229514360427856","0.7876279950141907","0.7876279950141907","0.7876279950141907","80","80","80","0.3838720917701721","0.3838720917701721","0.3838720917701721","0.5230427980422974","0.5230427980422974","0.5230427980422974"
"82","81","81","81","0.8240615725517273","0.8240615725517273","0.8240615725517273","0.7915085554122925","0.7915085554122925","0.7915085554122925","81","81","81","0.3691997528076172","0.3691997528076172","0.3691997528076172","0.49782049655914307","0.49782049655914307","0.49782049655914307"
"83","82","82","82","0.8286518454551697","0.8286518454551697","0.8286518454551697","0.7836938500404358","0.7836938500404358","0.7836938500404358","82","82","82","0.37175148725509644","0.37175148725509644","0.37175148725509644","0.45465564727783203","0.45465564727783203","0.45465564727783203"
"84","83","83","83","0.8268164992332458","0.8268164992332458","0.8268164992332458","0.7905397415161133","0.7905397415161133","0.7905397415161133","83","83","83","0.37975645065307617","0.37975645065307617","0.37975645065307617","0.5002667307853699","0.5002667307853699","0.5002667307853699"
"85","84","84","84","0.8220776915550232","0.8220776915550232","0.8220776915550232","0.7659902572631836","0.7659902572631836","0.7659902572631836","84","84","84","0.3851720094680786","0.3851720094680786","0.3851720094680786","0.5033031702041626","0.5033031702041626","0.5033031702041626"
"86","85","85","85","0.8263881802558899","0.8263881802558899","0.8263881802558899","0.7955382466316223","0.7955382466316223","0.7955382466316223","85","85","85","0.3871898055076599","0.3871898055076599","0.3871898055076599","0.5145746469497681","0.5145746469497681","0.5145746469497681"
"87","86","86","86","0.8269819021224976","0.8269819021224976","0.8269819021224976","0.7652784585952759","0.7652784585952759","0.7652784585952759","86","86","86","0.3997843861579895","0.3997843861579895","0.3997843861579895","0.4809614419937134","0.4809614419937134","0.4809614419937134"
"88","87","87","87","0.8242077231407166","0.8242077231407166","0.8242077231407166","0.7849698066711426","0.7849698066711426","0.7849698066711426","87","87","87","0.39157605171203613","0.39157605171203613","0.39157605171203613","0.4940216541290283","0.4940216541290283","0.4940216541290283"
"89","88","88","88","0.8294734954833984","0.8294734954833984","0.8294734954833984","0.7891004085540771","0.7891004085540771","0.7891004085540771","88","88","88","0.3862745761871338","0.3862745761871338","0.3862745761871338","0.44688278436660767","0.44688278436660767","0.44688278436660767"
"90","89","89","89","0.833409309387207","0.833409309387207","0.833409309387207","0.757933497428894","0.757933497428894","0.757933497428894","89","89","89","0.39328551292419434","0.39328551292419434","0.39328551292419434","0.5177041888237","0.5177041888237","0.5177041888237"
"91","90","90","90","0.8222882151603699","0.8222882151603699","0.8222882151603699","0.7425771355628967","0.7425771355628967","0.7425771355628967","90","90","90","0.381058931350708","0.381058931350708","0.381058931350708","0.5570368766784668","0.5570368766784668","0.5570368766784668"
"92","91","91","91","0.8412457704544067","0.8412457704544067","0.8412457704544067","0.7605494260787964","0.7605494260787964","0.7605494260787964","91","91","91","0.3870164155960083","0.3870164155960083","0.3870164155960083","0.48586273193359375","0.48586273193359375","0.48586273193359375"
"93","92","92","92","0.8424955606460571","0.8424955606460571","0.8424955606460571","0.7673279643058777","0.7673279643058777","0.7673279643058777","92","92","92","0.3832693099975586","0.3832693099975586","0.3832693099975586","0.4549335837364197","0.4549335837364197","0.4549335837364197"
"94","93","93","93","0.8328363299369812","0.8328363299369812","0.8328363299369812","0.7679615020751953","0.7679615020751953","0.7679615020751953","93","93","93","0.3705422282218933","0.3705422282218933","0.3705422282218933","0.5043795108795166","0.5043795108795166","0.5043795108795166"
"95","94","94","94","0.8313907980918884","0.8313907980918884","0.8313907980918884","0.7759038209915161","0.7759038209915161","0.7759038209915161","94","94","94","0.3897601366043091","0.3897601366043091","0.3897601366043091","0.5060310363769531","0.5060310363769531","0.5060310363769531"
"96","95","95","95","0.8346922397613525","0.8346922397613525","0.8346922397613525","0.770626425743103","0.770626425743103","0.770626425743103","95","95","95","0.38208717107772827","0.38208717107772827","0.38208717107772827","0.5497172474861145","0.5497172474861145","0.5497172474861145"
"97","96","96","96","0.8379428386688232","0.8379428386688232","0.8379428386688232","0.7615560293197632","0.7615560293197632","0.7615560293197632","96","96","96","0.38668256998062134","0.38668256998062134","0.38668256998062134","0.5144684314727783","0.5144684314727783","0.5144684314727783"
"98","97","97","97","0.8321906328201294","0.8321906328201294","0.8321906328201294","0.7386900782585144","0.7386900782585144","0.7386900782585144","97","97","97","0.3838382959365845","0.3838382959365845","0.3838382959365845","0.5773118734359741","0.5773118734359741","0.5773118734359741"
"99","98","98","98","0.8395808935165405","0.8395808935165405","0.8395808935165405","0.7699024677276611","0.7699024677276611","0.7699024677276611","98","98","98","0.38518834114074707","0.38518834114074707","0.38518834114074707","0.4706510901451111","0.4706510901451111","0.4706510901451111"
"100","99","99","99","0.8379773497581482","0.8379773497581482","0.8379773497581482","0.7766260504722595","0.7766260504722595","0.7766260504722595","99","99","99","0.3938588500022888","0.3938588500022888","0.3938588500022888","0.5357539057731628","0.5357539057731628","0.5357539057731628"
"101","100","100","100","0.8447259068489075","0.8447259068489075","0.8447259068489075","0.7365778088569641","0.7365778088569641","0.7365778088569641","100","100","100","0.3810797333717346","0.3810797333717346","0.3810797333717346","0.49725961685180664","0.49725961685180664","0.49725961685180664"
"102","101","101","101","0.8363851308822632","0.8363851308822632","0.8363851308822632","0.6953427791595459","0.6953427791595459","0.6953427791595459","101","101","101","0.3912642002105713","0.3912642002105713","0.3912642002105713","0.5566548109054565","0.5566548109054565","0.5566548109054565"
"103","102","102","102","0.8460736274719238","0.8460736274719238","0.8460736274719238","0.720638632774353","0.720638632774353","0.720638632774353","102","102","102","0.3935614824295044","0.3935614824295044","0.3935614824295044","0.5163800716400146","0.5163800716400146","0.5163800716400146"
"104","103","103","103","0.8408968448638916","0.8408968448638916","0.8408968448638916","0.7821347713470459","0.7821347713470459","0.7821347713470459","103","103","103","0.37785524129867554","0.37785524129867554","0.37785524129867554","0.4757081866264343","0.4757081866264343","0.4757081866264343"
"105","104","104","104","0.8437287211418152","0.8437287211418152","0.8437287211418152","0.7802825570106506","0.7802825570106506","0.7802825570106506","104","104","104","0.37998002767562866","0.37998002767562866","0.37998002767562866","0.5898861885070801","0.5898861885070801","0.5898861885070801"
"106","105","105","105","0.8444964289665222","0.8444964289665222","0.8444964289665222","0.7776450514793396","0.7776450514793396","0.7776450514793396","105","105","105","0.3738682270050049","0.3738682270050049","0.3738682270050049","0.45062679052352905","0.45062679052352905","0.45062679052352905"
"107","106","106","106","0.8320772647857666","0.8320772647857666","0.8320772647857666","0.7849417924880981","0.7849417924880981","0.7849417924880981","106","106","106","0.40127384662628174","0.40127384662628174","0.40127384662628174","0.507861316204071","0.507861316204071","0.507861316204071"
"108","107","107","107","0.8456439971923828","0.8456439971923828","0.8456439971923828","0.786996603012085","0.786996603012085","0.786996603012085","107","107","107","0.3745654225349426","0.3745654225349426","0.3745654225349426","0.5671557188034058","0.5671557188034058","0.5671557188034058"
"109","108","108","108","0.8433425426483154","0.8433425426483154","0.8433425426483154","0.7580877542495728","0.7580877542495728","0.7580877542495728","108","108","108","0.3887064456939697","0.3887064456939697","0.3887064456939697","0.4625698924064636","0.4625698924064636","0.4625698924064636"
"110","109","109","109","0.8394980430603027","0.8394980430603027","0.8394980430603027","0.7611327767372131","0.7611327767372131","0.7611327767372131","109","109","109","0.38028013706207275","0.38028013706207275","0.38028013706207275","0.5503057241439819","0.5503057241439819","0.5503057241439819"
"111","110","110","110","0.844236433506012","0.844236433506012","0.844236433506012","0.7802788019180298","0.7802788019180298","0.7802788019180298","110","110","110","0.38808709383010864","0.38808709383010864","0.38808709383010864","0.46334898471832275","0.46334898471832275","0.46334898471832275"
"112","111","111","111","0.8376122713088989","0.8376122713088989","0.8376122713088989","0.7777913808822632","0.7777913808822632","0.7777913808822632","111","111","111","0.3793124556541443","0.3793124556541443","0.3793124556541443","0.5483587980270386","0.5483587980270386","0.5483587980270386"
"113","112","112","112","0.8378041386604309","0.8378041386604309","0.8378041386604309","0.7803621888160706","0.7803621888160706","0.7803621888160706","112","112","112","0.3980390429496765","0.3980390429496765","0.3980390429496765","0.4999675750732422","0.4999675750732422","0.4999675750732422"
"114","113","113","113","0.8438407778739929","0.8438407778739929","0.8438407778739929","0.747802734375","0.747802734375","0.747802734375","113","113","113","0.3921480178833008","0.3921480178833008","0.3921480178833008","0.49747443199157715","0.49747443199157715","0.49747443199157715"
"115","114","114","114","0.8362897038459778","0.8362897038459778","0.8362897038459778","0.7661416530609131","0.7661416530609131","0.7661416530609131","114","114","114","0.37839943170547485","0.37839943170547485","0.37839943170547485","0.4282926321029663","0.4282926321029663","0.4282926321029663"
"116","115","115","115","0.8434745073318481","0.8434745073318481","0.8434745073318481","0.7767258882522583","0.7767258882522583","0.7767258882522583","115","115","115","0.3975377082824707","0.3975377082824707","0.3975377082824707","0.5431951880455017","0.5431951880455017","0.5431951880455017"
"117","116","116","116","0.8325035572052002","0.8325035572052002","0.8325035572052002","0.7738863229751587","0.7738863229751587","0.7738863229751587","116","116","116","0.3767688274383545","0.3767688274383545","0.3767688274383545","0.5150371789932251","0.5150371789932251","0.5150371789932251"
"118","117","117","117","0.8451470136642456","0.8451470136642456","0.8451470136642456","0.7668024301528931","0.7668024301528931","0.7668024301528931","117","117","117","0.389426052570343","0.389426052570343","0.389426052570343","0.5263099670410156","0.5263099670410156","0.5263099670410156"
"119","118","118","118","0.8454935550689697","0.8454935550689697","0.8454935550689697","0.764889121055603","0.764889121055603","0.764889121055603","118","118","118","0.391720175743103","0.391720175743103","0.391720175743103","0.5311485528945923","0.5311485528945923","0.5311485528945923"
"120","119","119","119","0.8458929657936096","0.8458929657936096","0.8458929657936096","0.7732715606689453","0.7732715606689453","0.7732715606689453","119","119","119","0.37410062551498413","0.37410062551498413","0.37410062551498413","0.5726158618927002","0.5726158618927002","0.5726158618927002"
"121","120","120","120","0.843755304813385","0.843755304813385","0.843755304813385","0.7730883359909058","0.7730883359909058","0.7730883359909058","120","120","120","0.3748738765716553","0.3748738765716553","0.3748738765716553","0.4423002004623413","0.4423002004623413","0.4423002004623413"
"122","121","121","121","0.8500657081604004","0.8500657081604004","0.8500657081604004","0.772305965423584","0.772305965423584","0.772305965423584","121","121","121","0.3937327265739441","0.3937327265739441","0.3937327265739441","0.5378121137619019","0.5378121137619019","0.5378121137619019"
"123","122","122","122","0.8474876284599304","0.8474876284599304","0.8474876284599304","0.7611650228500366","0.7611650228500366","0.7611650228500366","122","122","122","0.37760603427886963","0.37760603427886963","0.37760603427886963","0.5206592679023743","0.5206592679023743","0.5206592679023743"
"124","123","123","123","0.84915691614151","0.84915691614151","0.84915691614151","0.7163468599319458","0.7163468599319458","0.7163468599319458","123","123","123","0.38864362239837646","0.38864362239837646","0.38864362239837646","0.5413689613342285","0.5413689613342285","0.5413689613342285"
"125","124","124","124","0.8468537330627441","0.8468537330627441","0.8468537330627441","0.7826061248779297","0.7826061248779297","0.7826061248779297","124","124","124","0.38311392068862915","0.38311392068862915","0.38311392068862915","0.47152388095855713","0.47152388095855713","0.47152388095855713"
"126","125","125","125","0.8429863452911377","0.8429863452911377","0.8429863452911377","0.775338888168335","0.775338888168335","0.775338888168335","125","125","125","0.3641723394393921","0.3641723394393921","0.3641723394393921","0.5247210264205933","0.5247210264205933","0.5247210264205933"
"127","126","126","126","0.8563294410705566","0.8563294410705566","0.8563294410705566","0.7803674936294556","0.7803674936294556","0.7803674936294556","126","126","126","0.3831633925437927","0.3831633925437927","0.3831633925437927","0.459355890750885","0.459355890750885","0.459355890750885"
"128","127","127","127","0.8373841643333435","0.8373841643333435","0.8373841643333435","0.7751151919364929","0.7751151919364929","0.7751151919364929","127","127","127","0.3826104402542114","0.3826104402542114","0.3826104402542114","0.5111106038093567","0.5111106038093567","0.5111106038093567"
"129","128","128","128","0.8516613841056824","0.8516613841056824","0.8516613841056824","0.7755316495895386","0.7755316495895386","0.7755316495895386","128","128","128","0.388660192489624","0.388660192489624","0.388660192489624","0.5802239179611206","0.5802239179611206","0.5802239179611206"
"130","129","129","129","0.8485732078552246","0.8485732078552246","0.8485732078552246","0.7757772207260132","0.7757772207260132","0.7757772207260132","129","129","129","0.37576109170913696","0.37576109170913696","0.37576109170913696","0.5022737979888916","0.5022737979888916","0.5022737979888916"
"131","130","130","130","0.8544391989707947","0.8544391989707947","0.8544391989707947","0.7789219617843628","0.7789219617843628","0.7789219617843628","130","130","130","0.384671151638031","0.384671151638031","0.384671151638031","0.5775243043899536","0.5775243043899536","0.5775243043899536"
"132","131","131","131","0.8567255735397339","0.8567255735397339","0.8567255735397339","0.755262553691864","0.755262553691864","0.755262553691864","131","131","131","0.3905143737792969","0.3905143737792969","0.3905143737792969","0.4998400807380676","0.4998400807380676","0.4998400807380676"
"133","132","132","132","0.846518874168396","0.846518874168396","0.846518874168396","0.751802921295166","0.751802921295166","0.751802921295166","132","132","132","0.38875699043273926","0.38875699043273926","0.38875699043273926","0.5311578512191772","0.5311578512191772","0.5311578512191772"
"134","133","133","133","0.8515080213546753","0.8515080213546753","0.8515080213546753","0.7427438497543335","0.7427438497543335","0.7427438497543335","133","133","133","0.38420742750167847","0.38420742750167847","0.38420742750167847","0.46470117568969727","0.46470117568969727","0.46470117568969727"
"135","134","134","134","0.8482060432434082","0.8482060432434082","0.8482060432434082","0.7781899571418762","0.7781899571418762","0.7781899571418762","134","134","134","0.37608176469802856","0.37608176469802856","0.37608176469802856","0.48863786458969116","0.48863786458969116","0.48863786458969116"
"136","135","135","135","0.8528625965118408","0.8528625965118408","0.8528625965118408","0.7375718355178833","0.7375718355178833","0.7375718355178833","135","135","135","0.3946874737739563","0.3946874737739563","0.3946874737739563","0.5238058567047119","0.5238058567047119","0.5238058567047119"
"137","136","136","136","0.8503668904304504","0.8503668904304504","0.8503668904304504","0.7590621709823608","0.7590621709823608","0.7590621709823608","136","136","136","0.39140647649765015","0.39140647649765015","0.39140647649765015","0.50606369972229","0.50606369972229","0.50606369972229"
"138","137","137","137","0.8475110530853271","0.8475110530853271","0.8475110530853271","0.7562234997749329","0.7562234997749329","0.7562234997749329","137","137","137","0.40282511711120605","0.40282511711120605","0.40282511711120605","0.570792555809021","0.570792555809021","0.570792555809021"
"139","138","138","138","0.8543146848678589","0.8543146848678589","0.8543146848678589","0.7757828831672668","0.7757828831672668","0.7757828831672668","138","138","138","0.38463497161865234","0.38463497161865234","0.38463497161865234","0.5494682788848877","0.5494682788848877","0.5494682788848877"
"140","139","139","139","0.8506668210029602","0.8506668210029602","0.8506668210029602","0.7259141802787781","0.7259141802787781","0.7259141802787781","139","139","139","0.39726918935775757","0.39726918935775757","0.39726918935775757","0.5269449949264526","0.5269449949264526","0.5269449949264526"
"141","140","140","140","0.8510466814041138","0.8510466814041138","0.8510466814041138","0.786737859249115","0.786737859249115","0.786737859249115","140","140","140","0.3924545645713806","0.3924545645713806","0.3924545645713806","0.4732089042663574","0.4732089042663574","0.4732089042663574"
"142","141","141","141","0.854132890701294","0.854132890701294","0.854132890701294","0.7787898182868958","0.7787898182868958","0.7787898182868958","141","141","141","0.37604016065597534","0.37604016065597534","0.37604016065597534","0.5770952701568604","0.5770952701568604","0.5770952701568604"
"143","142","142","142","0.846175491809845","0.846175491809845","0.846175491809845","0.7599475979804993","0.7599475979804993","0.7599475979804993","142","142","142","0.40006065368652344","0.40006065368652344","0.40006065368652344","0.4777524471282959","0.4777524471282959","0.4777524471282959"
"144","143","143","143","0.8443228006362915","0.8443228006362915","0.8443228006362915","0.7836776375770569","0.7836776375770569","0.7836776375770569","143","143","143","0.3797721862792969","0.3797721862792969","0.3797721862792969","0.4654449224472046","0.4654449224472046","0.4654449224472046"
"145","144","144","144","0.8584086298942566","0.8584086298942566","0.8584086298942566","0.7773000597953796","0.7773000597953796","0.7773000597953796","144","144","144","0.3787837028503418","0.3787837028503418","0.3787837028503418","0.5149528980255127","0.5149528980255127","0.5149528980255127"
"146","145","145","145","0.8453744649887085","0.8453744649887085","0.8453744649887085","0.7838607430458069","0.7838607430458069","0.7838607430458069","145","145","145","0.38290631771087646","0.38290631771087646","0.38290631771087646","0.6069625616073608","0.6069625616073608","0.6069625616073608"
"147","146","146","146","0.8543790578842163","0.8543790578842163","0.8543790578842163","0.7641662359237671","0.7641662359237671","0.7641662359237671","146","146","146","0.39190810918807983","0.39190810918807983","0.39190810918807983","0.5069597363471985","0.5069597363471985","0.5069597363471985"
"148","147","147","147","0.8562384843826294","0.8562384843826294","0.8562384843826294","0.7565702199935913","0.7565702199935913","0.7565702199935913","147","147","147","0.38554298877716064","0.38554298877716064","0.38554298877716064","0.44977158308029175","0.44977158308029175","0.44977158308029175"
"149","148","148","148","0.85547935962677","0.85547935962677","0.85547935962677","0.7705874443054199","0.7705874443054199","0.7705874443054199","148","148","148","0.3886048197746277","0.3886048197746277","0.3886048197746277","0.5277840495109558","0.5277840495109558","0.5277840495109558"
"150","149","149","149","0.8540318012237549","0.8540318012237549","0.8540318012237549","0.7484918236732483","0.7484918236732483","0.7484918236732483","149","149","149","0.38732147216796875","0.38732147216796875","0.38732147216796875","0.5100839138031006","0.5100839138031006","0.5100839138031006"