species,Protein,asymptote,mid,m,Tm,r2
Thermus thermophilus HB27 lysate,O50147_lysZ,0.136774057841678,81.06396345692525,3324.4240504573363,81.70969073233518,0.9902717106745779
Thermus thermophilus HB27 lysate,O87197_uppS,0.13437513122440706,79.7519733881506,3763.8713246313296,80.29856437532735,0.9642795453914481
Thermus thermophilus HB27 lysate,O87198_lys20,0.14540743724345886,83.5061652837888,2837.993591593625,84.37049972236757,0.9811689638508493
Thermus thermophilus HB27 lysate,P16608_trpA,0.14185184277564405,76.21484259114223,1873.6548589887273,77.27176879847757,0.9573333987428778
Thermus thermophilus HB27 lysate,P61494_leuB,0.20743675578409893,87.35516339142492,9999.999999999998,87.7847851310896,0.9720852656192136
Thermus thermophilus HB27 lysate,P61496_phr,0.40569942972675227,86.9654417300222,9999.999999999613,88.33919560748645,0.9604979715779544
Thermus thermophilus HB27 lysate,P61500_recA,0.04109244956615907,71.77242137664112,9999.999999999998,71.79702955130804,0.9939792792470179
Thermus thermophilus HB27 lysate,P61526_argG,0.14092665713730648,83.46799489903003,1601.011563044088,84.93564719671208,0.9699214618960104
Thermus thermophilus HB27 lysate,P61537_ruvB,0.2350191377797113,72.36376523828959,9999.999998078913,72.73530344188899,0.9237045408107752
Thermus thermophilus HB27 lysate,P61661_hisB,0.3402011787436898,83.16237273704651,3920.4875760144287,85.25297220862583,0.9193959876771279
Thermus thermophilus HB27 lysate,P61671_mutS,0.24249966246879398,75.30957787734563,4012.0693367404815,76.28660802133523,0.9645819101762251
Thermus thermophilus HB27 lysate,P61707_alaS,0.16058243857850613,80.11564791491533,3463.1490286459507,80.84639203871527,0.9645614843650431
Thermus thermophilus HB27 lysate,P61781_hisH,0.10439011611167799,85.16710368318545,1874.5142805891303,86.08534664501073,0.9703499185341442
Thermus thermophilus HB27 lysate,P61989_cbiD,0.09118087040272338,74.13477578745491,2932.7076854650622,74.52374607259998,0.9850138634862378
Thermus thermophilus HB27 lysate,P62030_gcvPB,0.36155276212235843,89.61714552744131,9999.999999999998,90.7294297332118,0.9553960376316747
Thermus thermophilus HB27 lysate,P62356_hisA,0.27104200640971365,79.06395690182654,2893.6158452325462,80.80230855215726,0.946796016718871
Thermus thermophilus HB27 lysate,P62374_hisS,0.15763149798925086,87.26255118714981,9999.99999999781,87.58022713948648,0.9902169252820888
Thermus thermophilus HB27 lysate,P62453_hisF,0.35215958366938493,86.36804394093524,4580.793899679652,88.4408742329986,0.9233536472414112
Thermus thermophilus HB27 lysate,P62476_rsmH,0.28299718199855783,75.9262035516008,2641.0224985883347,77.80763685857195,0.9556993845618608
Thermus thermophilus HB27 lysate,P62655_rpsM,0.1028590376678615,75.12154385775146,3168.874063283029,75.5446468347863,0.9892581571753368
Thermus thermophilus HB27 lysate,P62657_rpsO,0.13488225434184342,73.383015603429,4076.8177912812057,73.80757354440614,0.9768769452754638
Thermus thermophilus HB27 lysate,P62658_rpsQ,0.10377562881033921,78.32563183595059,2624.3802034849778,78.87610302125827,0.990020491875431
Thermus thermophilus HB27 lysate,P62662_rpsB,0.11481590251643214,71.97116761326208,9999.999999999998,72.14057092801522,0.977401020714457
Thermus thermophilus HB27 lysate,P62663_rpsC,0.08422669185685408,72.4650560071354,6233.821276985271,72.6299190885462,0.9873371308509109
Thermus thermophilus HB27 lysate,P62664_rpsD,0.11595506716450617,75.33524247168641,9999.999999999967,75.51697305476635,0.9883144764755475
Thermus thermophilus HB27 lysate,P62665_rpsE,0.1304684491220473,75.8688745079004,3083.027295907852,76.45121880817473,0.9858883566673262
Thermus thermophilus HB27 lysate,P62666_rpsF,0.24849682332807596,82.88058071718368,4021.4763153257695,84.07968259316378,0.9095062683101276
Thermus thermophilus HB27 lysate,P62667_rpsG,0.11160130806298892,74.76278139576941,3173.0661588213243,75.22086848337096,0.9862974401205805
Thermus thermophilus HB27 lysate,P62668_rpsH,0.10322492044727057,73.85779950469629,5116.360750932914,74.11665752825152,0.9866769817181582
Thermus thermophilus HB27 lysate,P83453_tyrS,0.20854929861358176,89.21643054224525,7333.993799707466,89.81980384061963,0.9597592594810849
Thermus thermophilus HB27 lysate,P96134_argF,0.3243337532092168,89.27813091304373,9999.999999999998,90.16134316012318,0.9647815610695013
Thermus thermophilus HB27 lysate,Q60050_proB,0.1766660784845112,78.87456407948133,4337.4802489503445,79.52601385021286,0.9849680778646954
Thermus thermophilus HB27 lysate,Q72G62_TT_C1986,0.1471454585422761,83.32246839441996,5006.2801040434715,83.81590646549816,0.9809275080442907
Thermus thermophilus HB27 lysate,Q72G64_TT_C1984,0.20188185792343322,82.71994144342477,3941.4527924748036,83.64528786297628,0.9664007812966701
Thermus thermophilus HB27 lysate,Q72G65_ispH,0.10964170019346722,77.55203542946356,2689.4479446688915,78.11469336377907,0.9872844673851792
Thermus thermophilus HB27 lysate,Q72G66_nifR,0.11938358086069235,81.00748308957836,1577.6714147155833,82.16250489609604,0.9855980672586282
Thermus thermophilus HB27 lysate,Q72G68_glgA,0.13818265836108645,87.56601764406805,1766.5044711994558,88.99314184993689,0.9400769970088828
Thermus thermophilus HB27 lysate,Q72G70_TT_C1978,0.3147478047657192,81.62130562606168,4462.692252757331,83.15197036886156,0.9023627528897168
Thermus thermophilus HB27 lysate,Q72G71_TT_C1977,0.27311808044035946,89.7266381004138,9999.999999999998,90.42911400581995,0.9854370373568876
Thermus thermophilus HB27 lysate,Q72G73_TT_C1975,0.12735415567092648,81.59600539745942,3633.0024138819886,82.14650430870924,0.9911607542519596
Thermus thermophilus HB27 lysate,Q72G82_TT_C1966,0.11271509797688922,79.91134464444889,1415.1987144170473,81.08304416666223,0.9652018066812945
Thermus thermophilus HB27 lysate,Q72G87_trkA,0.4125711215597313,88.67219909783893,9999.880672406356,90.09799558119634,0.9463095291021287
Thermus thermophilus HB27 lysate,Q72G93_TT_C1955,0.24514213122683845,85.85216899289985,9999.999999999993,86.41188237647717,0.968294693172509
Thermus thermophilus HB27 lysate,Q72G96_TT_C1952,0.22853477074377682,84.01354248717868,4986.575596533013,84.89536266854516,0.952968481961127
Thermus thermophilus HB27 lysate,Q72G97_recG,0.11990727024394783,71.85453678211857,9999.999999999998,71.99584858932207,0.9736345523137344
Thermus thermophilus HB27 lysate,Q72GA4_TT_C1944,0.27699758348888776,85.60704028634146,4383.094771963898,86.980683582028,0.9595449353698584
Thermus thermophilus HB27 lysate,Q72GA6_priA,0.23683218888685698,89.48715690688492,6693.957535639361,90.29312721368863,0.9615927213619446
Thermus thermophilus HB27 lysate,Q72GA8_TT_C1940,0.21550331900632783,79.13088463233274,5017.428987818666,79.85225734485539,0.9513836357114126
Thermus thermophilus HB27 lysate,Q72GB2_TT_C1936,0.4701505272684071,88.7595484461394,9999.999999999998,91.06018287332415,0.9260235124468185
Thermus thermophilus HB27 lysate,Q72GB5_vanW,0.21840849841630777,83.06066285538206,3146.701983308039,84.3564476586113,0.958477956822015
Thermus thermophilus HB27 lysate,Q72GB6_TT_C1932,0.2783055840741877,87.35772713634938,6693.006815181861,88.33641742143722,0.9153246916987011
Thermus thermophilus HB27 lysate,Q72GB7_topA,0.16156342305939705,87.43522588270294,6567.602159430251,87.89630333868102,0.9453519892421027
Thermus thermophilus HB27 lysate,Q72GB8_TT_C1930,0.17327129031063915,82.188753239676,9999.999999999998,82.51866432804555,0.963596462185795
Thermus thermophilus HB27 lysate,Q72GB9_trpF,0.4097609216842084,88.17448493229678,9999.999999999998,89.63165246418677,0.9697378757510384
Thermus thermophilus HB27 lysate,Q72GC0_TT_C1928,0.1690676441241909,74.96508889504935,1988.3871084231255,76.15689204360571,0.9546021774535768
Thermus thermophilus HB27 lysate,Q72GC1_TT_C1927,0.16362509444337686,83.94877877433744,4750.910731183452,84.55905564191843,0.9866249340005114
Thermus thermophilus HB27 lysate,Q72GC7_rsmA,0.2897797318244637,81.92379305334575,3440.698542546492,83.67357848748405,0.963491374048154
Thermus thermophilus HB27 lysate,Q72GC8_nuoA,0.2277066495199825,80.70429757348852,1953.7653185170866,82.79096687960583,0.9284438343556025
Thermus thermophilus HB27 lysate,Q72GD0_nuoC,0.3481211832605766,88.77199327322245,9999.999999999998,89.77715630370665,0.984556332411174
Thermus thermophilus HB27 lysate,Q72GD1_nuoD,0.2690397939546003,89.9451258949795,9999.999999999998,90.62580666418818,0.9501297425333072
Thermus thermophilus HB27 lysate,Q72GD3_TT_C1915,0.08373484608730228,77.68743182801524,3333.4958713987926,78.02194000864694,0.9961452885424085
Thermus thermophilus HB27 lysate,Q72GD4_TT_C1914,0.13032913334069096,82.6427316381055,4703.3125105385025,83.09084556322841,0.9920568421911119
Thermus thermophilus HB27 lysate,Q72GE1_nuoN,0.2786373623881881,76.5126059079708,2336.850972022446,78.62948874430371,0.9243940138915622
Thermus thermophilus HB27 lysate,Q72GE4_murE,0.11491559481023166,74.59531497602629,3623.5787781773324,74.99853489892143,0.9826909163607813
Thermus thermophilus HB27 lysate,Q72GF2_TT_C1896,0.1666708805335559,87.50140649800444,9244.677273256115,87.84529043604206,0.9829648352561263
Thermus thermophilus HB27 lysate,Q72GF3_TT_C1895,0.10270392039022323,76.48143547025704,4307.8163112883085,76.79952900846614,0.9953039400260814
Thermus thermophilus HB27 lysate,Q72GF4_moeA,0.24396013140077866,87.93350677198164,9999.999999999998,88.5091132677892,0.986276659812604
Thermus thermophilus HB27 lysate,Q72GF6_nth,0.40920700812523536,88.92277714696381,9999.999999999998,90.39075876590684,0.9909838736238933
Thermus thermophilus HB27 lysate,Q72GF9_proS,0.18044097257656194,87.029715454742,5828.648124136002,87.63497477878349,0.9855259338818946
Thermus thermophilus HB27 lysate,Q72GG2_TT_C1886,0.13183786633676714,83.227830025614,1654.0752467347195,84.53693814875288,0.9458644125782987
Thermus thermophilus HB27 lysate,Q72GG4_TT_C1884,0.323700594879089,87.16993747869763,4487.088896078899,88.97504189206475,0.9754128741334801
Thermus thermophilus HB27 lysate,Q72GG8_TT_C1880,0.15123558186496194,72.44060764052222,6093.383170647244,72.76324818688245,0.9513010925780144
Thermus thermophilus HB27 lysate,Q72GG9_TT_C1879,0.18347330204786502,88.06513180862004,1954.71855178467,89.91984668031736,0.9400561537217136
Thermus thermophilus HB27 lysate,Q72GH0_TT_C1878,0.02834745289150024,84.30648236362008,1171.4833479405268,84.66510035283021,0.960238706362079
Thermus thermophilus HB27 lysate,Q72GH1_TT_C1877,0.11598043795366954,79.66371443823532,3711.889386012658,80.12488966122707,0.9698546347201362
Thermus thermophilus HB27 lysate,Q72GH2_TT_C1876,0.22087411303111765,75.24919812613192,2314.495316040624,76.7161594653193,0.9556068431888513
Thermus thermophilus HB27 lysate,Q72GH8_TT_C1870,0.19667001754388885,85.10644965423617,2837.235899385198,86.41624190846947,0.9790114242707232
Thermus thermophilus HB27 lysate,Q72GI4_dcd,0.09941830462909274,72.88621436470586,2900.4860191838375,73.30554192363232,0.9237047314620983
Thermus thermophilus HB27 lysate,Q72GJ0_TT_C1858,0.12820861355604543,76.7605269133784,4643.438787744692,77.15093132834183,0.9898827733784819
Thermus thermophilus HB27 lysate,Q72GJ2_TT_C1856,0.11364920558389069,77.63526181343742,2318.2713642123917,78.32037733473587,0.9429693925272473
Thermus thermophilus HB27 lysate,Q72GJ8_phoB,0.13078147308526653,74.60015251146302,5396.39282890788,74.91588121583604,0.9912098101339
Thermus thermophilus HB27 lysate,Q72GK0_TT_C1848,0.22876484068542502,84.79108117044832,5234.03105436933,85.66371833688753,0.9824838817440265
Thermus thermophilus HB27 lysate,Q72GK4_TT_C1844,0.27608666719686104,88.83343732224127,7699.743105097969,89.70143552318737,0.9729514201648085
Thermus thermophilus HB27 lysate,Q72GL7_TT_C1831,0.27258811455798143,83.1638926542668,2807.8448663442177,85.16274948828332,0.9138515995317509
Thermus thermophilus HB27 lysate,Q72GM0_TT_C1828,0.18775571482393666,81.17331855977923,6612.699309148509,81.66833080449224,0.9819554160781266
Thermus thermophilus HB27 lysate,Q72GM4_TT_C1824,0.350068589408496,89.08304115710288,9999.999999999998,90.0703334762883,0.9304313529684012
Thermus thermophilus HB27 lysate,Q72GN3_ispD,0.16540173372793318,82.77910644434446,4714.599290629541,83.38761521439731,0.967281201042549
Thermus thermophilus HB27 lysate,Q72GP2_TT_C1806,0.15292134810168145,84.1392398494974,5460.49547170519,84.6314435814551,0.9816503328539676
Thermus thermophilus HB27 lysate,Q72GP4_TT_C1804,0.1896163768038156,84.48298729220033,2067.1664509318766,86.16854212745044,0.9326958788660087
Thermus thermophilus HB27 lysate,Q72GQ3_TT_C1795,0.13936859135929902,75.84070529247275,3520.9813294470687,76.39442752915988,0.9865105919628285
Thermus thermophilus HB27 lysate,Q72GQ4_TT_C1794,0.22643537884384476,82.54693989277456,7823.16266065548,83.09404688795584,0.9505820918751783
Thermus thermophilus HB27 lysate,Q72GR1_TT_C1787,0.2763582934179222,87.71549853600915,9999.992729819589,88.40394240373928,0.918344349154064
Thermus thermophilus HB27 lysate,Q72GR3_TT_C1785,0.15362381816705875,83.73894026555743,4042.3757733774787,84.39691247000988,0.9723074766414977
Thermus thermophilus HB27 lysate,Q72GS0_TT_C1778,0.15642543399377337,80.95283120862852,3365.3067216717222,81.70095970082994,0.9361115464878456
Thermus thermophilus HB27 lysate,Q72GS1_rplJ,0.11678922403797276,81.0371056421282,2952.3862359287255,81.64176633098177,0.9740488061704053
Thermus thermophilus HB27 lysate,Q72GS6_TT_C1772,0.15663908000288923,77.7048931272093,2337.1213891087173,78.69739826362733,0.9790783003086865
Thermus thermophilus HB27 lysate,Q72GS9_truB,0.14316480641181595,88.72618424856154,9999.999999999998,88.9924518055755,0.9642834418602223
Thermus thermophilus HB27 lysate,Q72GT2_TT_C1766,0.07806809942195476,80.81893705233598,4318.1430054034745,81.08148492775356,0.9904998682807334
Thermus thermophilus HB27 lysate,Q72GT5_TT_C1763,0.27606395179829935,75.17730229321967,2634.2338128933966,76.94567182128127,0.9640647549045935
Thermus thermophilus HB27 lysate,Q72GT6_TT_C1762,0.3480311791338441,88.21067841927285,9999.999999999998,89.20124290550352,0.9913741691338838
Thermus thermophilus HB27 lysate,Q72GT7_birA,0.28161530729351614,83.03196434732205,3895.9906128902053,84.55326156973543,0.9252833316695038
Thermus thermophilus HB27 lysate,Q72GU0_rlmH,0.14811318589194133,75.52676848396321,2108.3195673507416,76.50047325233432,0.9526845408628364
Thermus thermophilus HB27 lysate,Q72GU1_TT_C1757,0.21780387157902317,84.86264951816453,4485.560557652008,85.80395369824328,0.9362189498839268
Thermus thermophilus HB27 lysate,Q72GU2_TT_C1756,0.1508011572429573,86.04851290737258,6961.262637171017,86.45707103476286,0.935675887223061
Thermus thermophilus HB27 lysate,Q72GU4_TT_C1754,0.2345566599293055,87.15276763585832,2413.578697976299,89.20178613013493,0.9273981417095835
Thermus thermophilus HB27 lysate,Q72GV1_lipA,0.08260912790776223,82.11068357096507,1087.63205326606,83.24931616581755,0.9378930540883914
Thermus thermophilus HB27 lysate,Q72GV2_lipB,0.12006245767973962,82.55836237065786,2717.6081009131212,83.26135275936254,0.9806796849052034
Thermus thermophilus HB27 lysate,Q72GV3_TT_C1745,0.18414446451597322,76.72628521350248,3032.704844170085,77.64329682800664,0.9427592796291588
Thermus thermophilus HB27 lysate,Q72GV7_TT_C1741,0.17772369754381404,86.6975306454508,9999.999999732943,87.03691443849323,0.9472806230940896
Thermus thermophilus HB27 lysate,Q72GW4_tuf1,0.2260456254639959,80.90742927885437,8526.456682015212,81.42511891831248,0.9556521602362233
Thermus thermophilus HB27 lysate,Q72GW5_TT_C1733,0.2024319087101425,85.52099557078385,2489.53654287389,87.07742440402119,0.9341853861648124
Thermus thermophilus HB27 lysate,Q72GW9_pepA,0.160188414298742,79.04504767328,2204.947736178871,80.16161124309569,0.9796106795690758
Thermus thermophilus HB27 lysate,Q72GX0_TT_C1728,0.1866825667333375,82.779253759795,9999.999999999995,83.12866543634924,0.9542420258074589
Thermus thermophilus HB27 lysate,Q72GX1_mnmA,0.15534408896983476,73.7966330240174,2424.9091025129037,74.65298894100123,0.9380232758603497
Thermus thermophilus HB27 lysate,Q72GX4_pstA,0.19723763729043722,73.48004649036122,3226.864574021888,74.34993777830358,0.9506165782936201
Thermus thermophilus HB27 lysate,Q72GY3_TT_C1715,0.40256370256972057,88.67830894703259,9999.999999999998,89.98831076666002,0.9710663935375542
Thermus thermophilus HB27 lysate,Q72GY5_TT_C1711,0.38448724006297086,88.89935114226152,9999.999999999998,90.10607521305006,0.96347658028041
Thermus thermophilus HB27 lysate,Q72GY7_pckA,0.3399811565887131,88.90065757733902,9999.99999991934,89.84824005754525,0.9322801579491264
Thermus thermophilus HB27 lysate,Q72GY8_TT_C1708,0.15477745943644242,78.50959130346524,3112.797090967292,79.26270664924068,0.9858645636929634
Thermus thermophilus HB27 lysate,Q72GY9_fhs,0.15458462025851274,87.85075083922091,9999.999999999998,88.16348363442273,0.9901656061590494
Thermus thermophilus HB27 lysate,Q72GZ0_carA,0.0649863723475021,86.31708382993541,4899.04301122317,86.53727969228277,0.928809122965097
Thermus thermophilus HB27 lysate,Q72GZ4_argH,0.26452637118347355,89.03980828280737,9999.999999999998,89.68524386061189,0.9496345178423389
Thermus thermophilus HB27 lysate,Q72GZ6_TT_C1699,0.36714685576587164,86.62350444192846,9999.999999645323,87.70918348333504,0.9362687289178123
Thermus thermophilus HB27 lysate,Q72GZ7_TT_C1698,0.0965809728931593,87.48080232010652,4883.102975673677,87.82200114129651,0.9530635492335845
Thermus thermophilus HB27 lysate,Q72H04_TT_C1691,0.37633056296776135,88.25247087051866,9999.999999999998,89.44879101791098,0.9620188252900012
Thermus thermophilus HB27 lysate,Q72H18_ispG,0.11948665736058989,80.28217812371854,1539.7184997867103,81.44885593708723,0.9721943629546538
Thermus thermophilus HB27 lysate,Q72H19_tgt,0.20984913509836636,83.1519369622981,1863.4363641608982,85.22987435524252,0.9026973753044355
Thermus thermophilus HB27 lysate,Q72H23_TT_C1672,0.21085587931987343,86.61847178183413,9999.999999999998,87.04098948883035,0.9802591251911875
Thermus thermophilus HB27 lysate,Q72H27_TT_C1668,0.27276645469259975,80.4244182772732,2642.1232854378472,82.42350491633529,0.9325712503690566
Thermus thermophilus HB27 lysate,Q72H31_TT_C1664,0.15657162866879118,79.83018339032125,3366.4449573585202,80.56204116610886,0.9871279663840459
Thermus thermophilus HB27 lysate,Q72H32_fmt,0.25068775073793337,78.27913757628306,4432.794287449602,79.28137270594104,0.9246761772773923
Thermus thermophilus HB27 lysate,Q72H39_TT_C1656,0.2860080820890861,81.5976930936339,2916.2495708964084,83.6050195121035,0.9324041610525495
Thermus thermophilus HB27 lysate,Q72H42_TT_C1653,0.24163893554703,84.11607832972116,5410.28847789187,84.98947063005876,0.9469619141367212
Thermus thermophilus HB27 lysate,Q72H46_TT_C1649,0.20994961107589963,84.86308874154129,3506.215528611735,85.9967297913611,0.9646761179308472
Thermus thermophilus HB27 lysate,Q72H51_TT_C1644,0.12802856152891293,84.08304234451113,3564.583486470324,84.68282144674495,0.960456477999712
Thermus thermophilus HB27 lysate,Q72H62_TT_C1633,0.14072932090088316,80.15154980297073,3893.4023486953693,80.71095224545621,0.9912550939193111
Thermus thermophilus HB27 lysate,Q72H70_surE1,0.11208081396436022,80.99226211685716,6347.739700394262,81.27600769494818,0.951385923702167
Thermus thermophilus HB27 lysate,Q72H71_TT_C1624,0.10405675233357464,80.8343007798359,2190.538612561964,81.5439907889293,0.9876114496407364
Thermus thermophilus HB27 lysate,Q72H73_pilF,0.1685484334656158,82.28598710472056,9999.999999999998,82.59761630692113,0.9633291132656647
Thermus thermophilus HB27 lysate,Q72H76_purM,0.14700131197687608,74.13969905903984,3009.908638941535,74.78882612178431,0.9691197744519467
Thermus thermophilus HB27 lysate,Q72H81_dxs,0.13586269459239025,79.22940034384216,2734.1477396109985,79.96522558306953,0.9753599447371725
Thermus thermophilus HB27 lysate,Q72H86_TT_C1609,0.15007375875155696,84.26732148287635,6451.948854166707,84.67722745948754,0.9483538791076189
Thermus thermophilus HB27 lysate,Q72H90_soj,0.16279822501355487,71.99769341658623,9999.999967110783,72.26007058192424,0.9607299967968285
Thermus thermophilus HB27 lysate,Q72H97_rsmI,0.2801645957535365,88.76274876141012,9999.999999999998,89.47991775908127,0.9476785509093428
Thermus thermophilus HB27 lysate,Q72H98_pfkA,0.15042136506523562,86.41922866043947,9999.999999999998,86.7028282773532,0.9883863525720156
Thermus thermophilus HB27 lysate,Q72HA0_pheT,0.2677667156356034,88.82677486136154,4940.818449146995,90.07800983255767,0.9504412020339299
Thermus thermophilus HB27 lysate,Q72HA3_TT_C1592,0.15285241035141756,84.01310839338417,3337.536758194412,84.79894426844142,0.9903580214886405
Thermus thermophilus HB27 lysate,Q72HA4_TT_C1591,0.21032264857405966,83.2483228827616,2838.247151148191,84.61758503397853,0.9655895405945664
Thermus thermophilus HB27 lysate,Q72HA7_TT_C1588,0.12469211239812962,74.68123602877667,3404.6302004963472,75.16411392564498,0.9871719865736672
Thermus thermophilus HB27 lysate,Q72HA9_argB,0.16707186296739043,87.12168608501115,9999.999999999998,87.46974799330464,0.984416775202796
Thermus thermophilus HB27 lysate,Q72HC0_TT_C1575,0.16616070258776838,82.17171947879586,3446.0693542752397,82.97209813352386,0.9869243697189495
Thermus thermophilus HB27 lysate,Q72HC1_rlmN,0.13348412643904506,72.26943738164019,6705.019226185123,72.53834340195968,0.9535630558613629
Thermus thermophilus HB27 lysate,Q72HC8_TT_C1567,0.22303359664953595,78.08386216599595,1826.7927615821693,80.11205874027948,0.9456123949658816
Thermus thermophilus HB27 lysate,Q72HD6_TT_C1557,0.3075438449518418,76.82956696927857,1786.107611190426,80.12829569881684,0.906870774709696
Thermus thermophilus HB27 lysate,Q72HD7_TT_C1556,0.3121526401274318,82.89939824380421,5217.3395041255335,84.24290529858774,0.9326675032917869
Thermus thermophilus HB27 lysate,Q72HE1_TT_C1552,0.11284282390653479,79.73773510087872,3572.77973163382,80.20543661378143,0.9470652344420635
Thermus thermophilus HB27 lysate,Q72HE8_TT_C1539,0.05870043605219956,92.16941548050889,2672.553876375729,92.57285069068394,0.9559915117921398
Thermus thermophilus HB27 lysate,Q72HF0_TT_C1537,0.2731475908310656,83.15947664272485,3938.1102672666398,84.59802741934666,0.9678615896758962
Thermus thermophilus HB27 lysate,Q72HF3_TT_C1534,0.1244861515080559,84.16842624390426,5902.782311956151,84.53042856620931,0.9562945032530277
Thermus thermophilus HB27 lysate,Q72HF4_glmS,0.1580315929559251,86.18832670869563,5225.799712476177,86.74303434265143,0.9855519208608821
Thermus thermophilus HB27 lysate,Q72HF6_uvrB,0.2043148512585371,81.53840724441952,9999.999999999998,81.89517421748988,0.9871762698810478
Thermus thermophilus HB27 lysate,Q72HG1_TT_C1526,0.1173702223190843,82.54050230928544,6884.415304228012,82.8103529683448,0.9884878595956567
Thermus thermophilus HB27 lysate,Q72HH0_folE,0.2914299624524314,81.39205305145487,2746.7948969420777,83.57931362454394,0.9332041391596118
Thermus thermophilus HB27 lysate,Q72HH2_phaN,0.2071684841376515,86.98633236991357,5332.82396555851,87.767234018889,0.9354906311807304
Thermus thermophilus HB27 lysate,Q72HI3_TT_C1504,0.16663035358079117,73.82702376943452,3230.6162140462343,74.53478646133429,0.9612386199161994
Thermus thermophilus HB27 lysate,Q72HI6_TT_C1501,0.34207401184232866,89.5276718564317,9999.999999999998,90.54251727744258,0.9664064971702667
Thermus thermophilus HB27 lysate,Q72HI8_TT_C1499,0.34888868233239884,89.13701590255215,9999.999999999998,90.13646649357239,0.9129366319413131
Thermus thermophilus HB27 lysate,Q72HJ4_TT_C1493,0.17924577062012167,80.67601040938548,5884.275100291479,81.19142655224134,0.9864616917908976
Thermus thermophilus HB27 lysate,Q72HJ5_TT_C1492,0.15308089041883488,74.31525442463912,2217.1527695927107,75.24700321658439,0.9483587727200913
Thermus thermophilus HB27 lysate,Q72HJ6_trpD,0.14980543044338432,78.47979439917468,3558.0670336024805,79.10873171420097,0.9911041869604169
Thermus thermophilus HB27 lysate,Q72HJ8_TT_C1489,0.12097756124215275,82.0715834293628,9999.999999962845,82.29547689740227,0.9860467399745015
Thermus thermophilus HB27 lysate,Q72HJ9_TT_C1488,0.06991722921509377,74.94913937450391,2254.141407609879,75.33357418965161,0.9818338127097094
Thermus thermophilus HB27 lysate,Q72HK0_TT_C1487,0.20528924020546205,84.23778230135076,5728.723983708906,84.90431463766976,0.9185708065106671
Thermus thermophilus HB27 lysate,Q72HK2_TT_C1485,0.15396723656352504,88.2565391633732,9625.364556506018,88.5814893164702,0.995150067892593
Thermus thermophilus HB27 lysate,Q72HK4_glnQ,0.10018622786408932,80.04435206497322,5139.147407114216,80.34036155412235,0.9873824163592126
Thermus thermophilus HB27 lysate,Q72HK5_TT_C1482,0.1204121051862216,83.00454537786578,2638.9606429315827,83.73649560566373,0.9697007472854147
Thermus thermophilus HB27 lysate,Q72HL0_TT_C1477,0.1791203441681114,79.68572908825561,2612.714524630581,80.78682870079159,0.9799487061139998
Thermus thermophilus HB27 lysate,Q72HL3_TT_C1474,0.21747898235825627,82.35454613735612,9999.999999999998,82.76742334048573,0.9739456829730162
Thermus thermophilus HB27 lysate,Q72HL4_TT_C1473,0.0848209705464071,81.55287264207041,3635.769766907798,81.89604344543545,0.9701723320917163
Thermus thermophilus HB27 lysate,Q72HL7_TT_C1470,0.23463164366039385,81.33300998061009,2703.604741366191,82.91799735723778,0.913003185037244
Thermus thermophilus HB27 lysate,Q72HL8_TT_C1469,0.16577714051482986,80.88011953391324,4854.991546816235,81.4486399445943,0.9869068695530645
Thermus thermophilus HB27 lysate,Q72HL9_cinA,0.34450643887324495,88.27449060650117,9999.999999999998,89.25851758258679,0.9747048102866706
Thermus thermophilus HB27 lysate,Q72HM0_TT_C1467,0.19536941208949976,85.43051279852936,6135.444036288059,86.02791632724563,0.9447482599106173
Thermus thermophilus HB27 lysate,Q72HM2_mreB,0.13210990871644243,72.91687909740959,3797.710190837716,73.36691581517366,0.9651193869345289
Thermus thermophilus HB27 lysate,Q72HM5_rpoB,0.30780533447479524,89.2175254862671,5736.083367206069,90.60354030431783,0.967614905689685
Thermus thermophilus HB27 lysate,Q72HM6_rpoC,0.2519679292434648,89.23396375327191,5396.835269360279,90.30817888668749,0.9500286834677206
Thermus thermophilus HB27 lysate,Q72HM7_TT_C1459,0.06074566696295519,81.34744788893676,1379.494590955555,81.97397878261893,0.9747222393432279
Thermus thermophilus HB27 lysate,Q72HM9_TT_C1457,0.24080749946275315,82.42959123610504,9999.999999999998,82.89014200501171,0.9090696048748426
Thermus thermophilus HB27 lysate,Q72HN8_TT_C1448,0.161792944816812,85.13108905331536,3167.3946046042997,86.03738510308078,0.9680865040109558
Thermus thermophilus HB27 lysate,Q72HP0_TT_C1446,0.14128767307963822,82.90234159205484,4778.709273057834,83.40088502190804,0.9849530045836532
Thermus thermophilus HB27 lysate,Q72HP1_thiI,0.28423437599534807,88.80835283291839,9999.999999999998,89.54018926513871,0.9862041664648002
Thermus thermophilus HB27 lysate,Q72HP7_TT_C1439,0.25412222765641057,78.47975629403147,1942.9542866240527,80.80562321759437,0.9200292999199912
Thermus thermophilus HB27 lysate,Q72HQ6_TT_C1430,0.23068693551370956,79.85287423753444,2041.925784287102,81.84028187146139,0.9746195920105651
Thermus thermophilus HB27 lysate,Q72HQ7_TT_C1429,0.19591064490434987,79.67552997773214,2335.1416654660975,81.05388966731343,0.9844085179951262
Thermus thermophilus HB27 lysate,Q72HR4_obg,0.14574074504460885,81.12314881413853,8708.99624621248,81.42025644303662,0.980227674761272
Thermus thermophilus HB27 lysate,Q72HR5_nadD,0.2805638682210727,88.83067826784946,9999.999999999998,89.54777205718926,0.9891282544129122
Thermus thermophilus HB27 lysate,Q72HR7_lytR,0.2220004318797514,76.6947805269673,2587.667254022858,78.05702650212329,0.962698930219762
Thermus thermophilus HB27 lysate,Q72HS1_pilT,0.017558592867127912,79.7096786730783,1010.5321148359545,79.93581436961382,0.9158177787882367
Thermus thermophilus HB27 lysate,Q72HS7_accD,0.14722889172900958,89.87487805209383,9999.999999999824,90.1837834522409,0.9272516865095921
Thermus thermophilus HB27 lysate,Q72HS8_accA,0.25579186840612034,89.49412706879714,9999.999999999978,90.09343227704768,0.9592335137440658
Thermus thermophilus HB27 lysate,Q72HT1_TT_C1405,0.2555763650926332,83.84943395229413,4601.234503198272,84.96115028177091,0.9084810277281917
Thermus thermophilus HB27 lysate,Q72HT2_TT_C1404,0.1907223836234791,83.09221618061562,3692.8302395544033,84.00016822406197,0.9792410730287784
Thermus thermophilus HB27 lysate,Q72HT7_TT_C1399,0.09123960181981618,74.88189141765103,4520.4578732471355,75.14316985889589,0.9801908815916272
Thermus thermophilus HB27 lysate,Q72HU3_TT_C1391,0.158095488896517,77.7209632684008,1557.2417983428252,79.23050978000391,0.9434289693440439
Thermus thermophilus HB27 lysate,Q72HU7_TT_C1387,0.19352126989159732,89.83389591687809,8555.849342940182,90.33352704312182,0.9905007083352998
Thermus thermophilus HB27 lysate,Q72HU8_TT_C1386,0.10215044247522669,79.07627638068118,1998.1120280937141,79.80209361288657,0.9892745965606007
Thermus thermophilus HB27 lysate,Q72HV0_plsX,0.13399394014046676,73.1034059576587,4584.884070734394,73.48916743176042,0.9836598673350989
Thermus thermophilus HB27 lysate,Q72HV2_TT_C1382,0.24081666091445647,87.73963427301506,6784.9054142640225,88.52836102275877,0.9675550356551
Thermus thermophilus HB27 lysate,Q72HW1_TT_C1371,0.2083706395025607,78.47600504299378,3442.5804361070313,79.47378381704566,0.9702695042544751
Thermus thermophilus HB27 lysate,Q72HW6_TT_C1366,0.2355882578923588,78.75073715028961,3111.7625792902645,80.04542890044956,0.9732254688440047
Thermus thermophilus HB27 lysate,Q72HX1_phoR,0.1567187707787526,80.86182037222731,2853.8413941115546,81.74145840017503,0.9676299918506549
Thermus thermophilus HB27 lysate,Q72HX4_pacS,0.2930934304887337,77.3197104182385,2029.8777080001696,80.00947793482814,0.9206987241018143
Thermus thermophilus HB27 lysate,Q72HX7_TT_C1355,0.12859959106554203,75.94099072780662,3638.043886397786,76.43077651017742,0.9898803023357646
Thermus thermophilus HB27 lysate,Q72HY6_TT_C1346,0.2057290011674456,80.88338836886686,3366.9987146253807,81.9306912846738,0.9836711333382704
Thermus thermophilus HB27 lysate,Q72HY9_TT_C1343,0.09682647221474211,87.40601537212711,5028.374411792506,87.74001456779294,0.9884907406732227
Thermus thermophilus HB27 lysate,Q72HZ7_ebsC,0.23445837554535867,87.34561602696404,9999.999999987667,87.84736702062327,0.906238637736644
Thermus thermophilus HB27 lysate,Q72I04_rplC,0.10744258774195553,74.62615538047335,4822.550581116002,74.90783715426502,0.9868273295808577
Thermus thermophilus HB27 lysate,Q72I06_rplW,0.09056878362690178,79.91605440489869,3125.586233270933,80.3359590300548,0.9868353309533116
Thermus thermophilus HB27 lysate,Q72I07_rplB,0.20409788156648373,74.03338916717594,3797.186694836821,74.81077377931676,0.9580742628954407
Thermus thermophilus HB27 lysate,Q72I09_rplV,0.09643752693130254,75.33344517659789,3370.3858549633765,75.70296691076378,0.9842117743836372
Thermus thermophilus HB27 lysate,Q72I11_rplP,0.050595858278671614,73.04927479472104,5278.188889869149,73.16964996535555,0.9939125005881584
Thermus thermophilus HB27 lysate,Q72I16_rplE,0.08110149775326887,72.40982856975846,5917.067514623956,72.57873078231596,0.9820120663458823
Thermus thermophilus HB27 lysate,Q72I19_rplF,0.15486402454441467,78.47715181905753,6125.526212061687,78.85737464180548,0.9835855982108926
Thermus thermophilus HB27 lysate,Q72I20_rplR,0.07278146046420861,74.76133112219883,6231.478899395062,74.90048137990671,0.9936471925335244
Thermus thermophilus HB27 lysate,Q72I26_map,0.341132719700101,84.22250283335735,3889.6089164429163,86.40189650994289,0.9137288322790688
Thermus thermophilus HB27 lysate,Q72I39_rex,0.13664911220879783,88.22909488869468,9999.999999999998,88.50674997701636,0.9552288566336283
Thermus thermophilus HB27 lysate,Q72I40_TT_C1292,0.4000420434262189,87.46180891503312,9999.999999999998,88.78657786594837,0.9216224708538044
Thermus thermophilus HB27 lysate,Q72I41_TT_C1291,0.1604793350609519,72.12081793942039,9723.797546909329,72.38785402757814,0.9599190465793183
Thermus thermophilus HB27 lysate,Q72I42_TT_C1290,0.1934049100215976,81.86698284772764,6947.54588172535,82.37728957364384,0.9838518402279285
Thermus thermophilus HB27 lysate,Q72I49_TT_C1283,0.4232930453844396,87.74458141925251,9323.111207499354,89.42248248078367,0.9524880239432508
Thermus thermophilus HB27 lysate,Q72I50_mutS,0.19850966423380728,79.86818515644313,4261.567620695678,80.65199994054731,0.9795995203667088
Thermus thermophilus HB27 lysate,Q72I51_TT_C1281,0.326842972613871,89.07794775282903,9999.999999999998,89.94099140548832,0.967696759297877
Thermus thermophilus HB27 lysate,Q72I53_metK,0.07242026486682869,73.47413651807831,4863.65695158935,73.6546385947206,0.9936900003652434
Thermus thermophilus HB27 lysate,Q72I55_speA,0.09395425134422566,76.43145095555333,2042.2357118025425,77.03272995516767,0.9516050066568092
Thermus thermophilus HB27 lysate,Q72I58_prs,0.04797785320916144,76.26175674720146,2881.669629948899,76.47253128160699,0.9944341841296914
Thermus thermophilus HB27 lysate,Q72I62_dppB,0.33740524649695847,82.90714559769407,4349.200658533932,84.75181576917772,0.9358153136753757
Thermus thermophilus HB27 lysate,Q72I66_sfuC,0.1162309081999096,76.96843299591234,1720.7235015916208,77.89275725306575,0.966675209802542
Thermus thermophilus HB27 lysate,Q72I74_TT_C1258,0.4527517880814302,88.58055062316515,7779.001572140534,91.03768674325826,0.9288410372106517
Thermus thermophilus HB27 lysate,Q72I76_TT_C1256,0.026002069147466975,89.36992615238817,1554.1670593817269,89.64815737649708,0.9291193539313094
Thermus thermophilus HB27 lysate,Q72I83_TT_C1249,0.16404892117338812,81.96470788405524,4278.089129516276,82.61007679357537,0.9463217059258331
Thermus thermophilus HB27 lysate,Q72I90_TT_C1242,0.3479511554976409,84.98597328450461,3170.180900980324,87.8063379290657,0.9224246504420284
Thermus thermophilus HB27 lysate,Q72I91_TT_C1241,0.12287813607653651,79.5373364878746,5723.182012620352,79.85389186619153,0.9858911772528635
Thermus thermophilus HB27 lysate,Q72I94_TT_C1238,0.22714529611965675,86.95250060800325,6923.923879365435,87.64859165485255,0.9465478444052756
Thermus thermophilus HB27 lysate,Q72IA0_TT_C1232,0.14629894606549565,83.88986781154661,6169.688072281203,84.3093183944766,0.9885180747658598
Thermus thermophilus HB27 lysate,Q72IA1_TT_C1231,0.24174399877267516,78.16314246527904,5034.430161749878,78.97552538190878,0.967595822609324
Thermus thermophilus HB27 lysate,Q72IA2_TT_C1230,0.16316449589775356,78.3092136381968,2494.5040313460217,79.30417741731546,0.9823450529762447
Thermus thermophilus HB27 lysate,Q72IA3_TT_C1229,0.3026058085325279,86.36216936324682,9999.999999999998,87.08485968144852,0.9413607330594206
Thermus thermophilus HB27 lysate,Q72IA9_ddl,0.39248867112995617,88.97805906438072,9999.999999999998,90.290097169041,0.9870413867381077
Thermus thermophilus HB27 lysate,Q72IB0_gyrB,0.09973283071620301,81.81343804775449,6015.863856317271,82.06856842103166,0.9953791501545398
Thermus thermophilus HB27 lysate,Q72IB2_TT_C1220,0.12967773760642243,75.92859613154863,3027.3622869934366,76.51744396828767,0.9735464072534548
Thermus thermophilus HB27 lysate,Q72IB3_TT_C1219,0.1205258190311521,80.79592425516459,1867.0593471574684,81.77684298142174,0.9664340970444789
Thermus thermophilus HB27 lysate,Q72IB8_TT_C1214,0.1786158885221402,76.58724311295967,2666.554654447604,77.58624992901055,0.9808709010830067
Thermus thermophilus HB27 lysate,Q72IB9_TT_C1213,0.1691607740444417,88.92420663047281,5988.702846815932,89.49497411824393,0.9744852498770902
Thermus thermophilus HB27 lysate,Q72IC7_TT_C1205,0.04206370624193214,77.8677893115512,2353.5318977204947,78.09752471135943,0.993512156590873
Thermus thermophilus HB27 lysate,Q72IC9_mqnD,0.2776535622710068,84.8771798679799,4486.5725863759835,86.22174577988066,0.9624800687698205
Thermus thermophilus HB27 lysate,Q72ID0_TT_C1202,0.16783206026835396,76.54224758092143,1993.2735716923742,77.77092292757408,0.9785310139279528
Thermus thermophilus HB27 lysate,Q72ID1_bshC,0.28913952099739243,88.67331792477049,5156.258318255335,90.01148889170346,0.9357099967445991
Thermus thermophilus HB27 lysate,Q72ID7_TT_C1195,0.2552211423299769,88.30679642866374,9844.831592738215,88.88993927127194,0.9401086685603012
Thermus thermophilus HB27 lysate,Q72IE0_TT_C1192,0.13465380941819097,82.44159938249167,4904.515127802923,82.88245922267325,0.9760083834464681
Thermus thermophilus HB27 lysate,Q72IE4_TT_C1188,0.12677383094204075,76.58686864176947,1989.7810972246975,77.46803991090277,0.9704352119131693
Thermus thermophilus HB27 lysate,Q72IE5_guaA,0.17807896117332603,82.33832708682745,3498.473990976728,83.21318838947916,0.9594182435319729
Thermus thermophilus HB27 lysate,Q72IF1_TT_C1181,0.22529401265838028,86.31541001318173,9643.113975662865,86.80098136657466,0.9043815536507989
Thermus thermophilus HB27 lysate,Q72IF6_tilS,0.14942917353709023,89.28925275625005,8502.048390899592,89.64204425313874,0.967172491994283
Thermus thermophilus HB27 lysate,Q72IG1_TT_C1171,0.23691966875278084,87.52743447908897,9999.999999999998,88.0295097482388,0.9709075296036351
Thermus thermophilus HB27 lysate,Q72IG5_truD,0.13380210516488458,82.07962395811373,4146.406587174178,82.6016389676067,0.9917921020437755
Thermus thermophilus HB27 lysate,Q72IH0_TT_C1162,0.4717618748091544,86.7454950152765,9999.999999999998,88.97930578253278,0.9202937675165556
Thermus thermophilus HB27 lysate,Q72IH1_TT_C1161,0.2928585188536127,82.39622492453809,4437.703374147224,83.78900699795638,0.9539202266760983
Thermus thermophilus HB27 lysate,Q72IH2_glyA,0.08413421983453752,74.23991960567716,2694.5228578663405,74.62597401259096,0.9816707044915833
Thermus thermophilus HB27 lysate,Q72IH5_TT_C1157,0.13211839043770843,83.7882299302357,4062.8559641576553,84.33591053162237,0.996775758406456
Thermus thermophilus HB27 lysate,Q72IH6_purF,0.08333972606852773,79.36101339187003,1419.8397461458321,80.18183005600591,0.9703896959460251
Thermus thermophilus HB27 lysate,Q72IH7_purL,0.11829277217024715,77.69951374807066,2627.5704760489875,78.33498762742546,0.9921411192794046
Thermus thermophilus HB27 lysate,Q72IH9_purQ,0.20978931737512593,84.7733794525666,2782.651953595635,86.21297463582667,0.9475128423230629
Thermus thermophilus HB27 lysate,Q72II1_purC,0.1831097951105213,86.60464418755342,9999.999999999998,86.9495758457763,0.9609496791692005
Thermus thermophilus HB27 lysate,Q72II3_TT_C1149,0.1720042956958561,88.12147181159787,9999.999999993743,88.48771134095941,0.9636949336822075
Thermus thermophilus HB27 lysate,Q72II9_hemD,0.27863132350538256,81.29370719909998,4833.347098905044,82.46089546959408,0.9497768063413011
Thermus thermophilus HB27 lysate,Q72IJ3_TT_C1139,0.20556726186945312,78.55639096335058,2078.8936771136773,80.16855636774548,0.9599948969341617
Thermus thermophilus HB27 lysate,Q72IJ4_TT_C1138,0.18819835058830167,82.91670332607856,5289.607122743443,83.55876414718114,0.9690572942540167
Thermus thermophilus HB27 lysate,Q72IJ6_TT_C1136,0.45612120873404693,82.96274110833683,2642.8788592830265,89.84416643483867,0.901536066238822
Thermus thermophilus HB27 lysate,Q72IJ8_TT_C1134,0.10458160414303494,72.62843551219909,5369.182121986565,72.8610865654452,0.983036870534962
Thermus thermophilus HB27 lysate,Q72IJ9_TT_C1133,0.30400358682745315,84.91766672457479,5589.290155014071,86.16889395225536,0.9216369099653227
Thermus thermophilus HB27 lysate,Q72IK4_ftsH,0.24718282351268334,77.80301586084391,2040.0618984873172,79.8866608360373,0.9245330586953001
Thermus thermophilus HB27 lysate,Q72IM0_TT_C1112,0.25978285517924726,78.12457148045105,1439.0601409182057,81.37445532356443,0.9247540730772721
Thermus thermophilus HB27 lysate,Q72IM8_TT_C1104,0.2256962465987629,82.62009648592874,9999.999999907945,83.04367410593015,0.9323028229731374
Thermus thermophilus HB27 lysate,Q72IN0_pyrG,0.10098085076151161,79.3800909961343,3042.0885158851956,79.85344432286081,0.9890180459530747
Thermus thermophilus HB27 lysate,Q72IN1_rplM,0.055319260972897216,74.97718780921532,3363.1826335659157,75.18079002401487,0.9950770288094843
Thermus thermophilus HB27 lysate,Q72IN3_TT_C1099,0.3230609698227944,88.36386966134248,9084.385608205585,89.3294827173923,0.9874396508640606
Thermus thermophilus HB27 lysate,Q72IN7_TT_C1095,0.13941624151155807,73.02151806966769,2725.5062037779408,73.67711232879236,0.9111250758727848
Thermus thermophilus HB27 lysate,Q72IP2_TT_C1090,0.3081258744841123,84.89418667785787,3654.3134400205763,86.84135028296966,0.9054282561405754
Thermus thermophilus HB27 lysate,Q72IP3_TT_C1089,0.1165355774837038,87.16546451512608,2625.0059137970384,87.94176828178482,0.9735337854075149
Thermus thermophilus HB27 lysate,Q72IP5_TT_C1087,0.1706014908880846,88.53730039366667,9999.999999999998,88.87078901440066,0.9571876267309347
Thermus thermophilus HB27 lysate,Q72IQ1_TT_C1081,0.09963971054358936,79.48142354622844,6051.684497497857,79.72069535023735,0.9911784293125724
Thermus thermophilus HB27 lysate,Q72IQ5_trmFO,0.23090074698786445,83.48424355573435,2532.8403294890704,85.23663326064047,0.9580439181806958
Thermus thermophilus HB27 lysate,Q72IQ7_uvrA,0.15344846797347625,82.48679373620148,5767.794152047917,82.92429061770378,0.9888267958582839
Thermus thermophilus HB27 lysate,Q72IQ9_comB,0.22027911049629795,89.09176523500594,9999.999999999998,89.59653736598568,0.9464642341035826
Thermus thermophilus HB27 lysate,Q72IR0_TT_C1072,0.20253916721507925,81.52437970301017,5316.819447957624,82.19985981392603,0.9606109274363172
Thermus thermophilus HB27 lysate,Q72IR7_TT_C1065,0.12780324251232697,83.33615544994007,3649.6285400291363,83.90449032156174,0.9746398464933358
Thermus thermophilus HB27 lysate,Q72IU4_ccmF,0.2872245777026713,78.0869870708923,2411.5942325435713,80.3283010301038,0.9125611955378866
Thermus thermophilus HB27 lysate,Q72IU9_TT_C1032,0.1711422640912686,81.91723286424255,5268.963601778571,82.47797812912358,0.9323269238323433
Thermus thermophilus HB27 lysate,Q72IV2_TT_C1029,0.24624140420300397,88.52049908925417,9999.999999999998,89.07230330282847,0.9665492512406773
Thermus thermophilus HB27 lysate,Q72IV3_thrB,0.080704354469052,84.43892425847237,2565.795230857915,84.93210902634253,0.9908463234932914
Thermus thermophilus HB27 lysate,Q72IV4_nnrD,7.404507253268427e-21,90.06227317349044,1201.1399545440772,90.06301390706078,0.9583211254195845
Thermus thermophilus HB27 lysate,Q72IV6_der,0.2126860396428564,81.87841344763395,8061.088134824817,82.38762268076471,0.9789380999003835
Thermus thermophilus HB27 lysate,Q72IW1_aroB,0.10327390847761542,74.08266813815499,2499.4400402398173,74.60285481102655,0.9628404059641726
Thermus thermophilus HB27 lysate,Q72IX5_TT_C1006,0.2764155947384703,87.2667524570272,9999.999999999993,87.89943272292844,0.9504539116147533
Thermus thermophilus HB27 lysate,Q72IX8_TT_C1003,0.19285121172736527,76.92328292439018,4196.11470682608,77.6368805651372,0.9408603177654169
Thermus thermophilus HB27 lysate,Q72IX9_TT_C1002,0.3506293905477191,87.69663965133931,9999.999999999998,88.70725546169352,0.9118524045665447
Thermus thermophilus HB27 lysate,Q72IY0_TT_C1001,0.030923266624197285,83.07285206307937,1782.0971883534476,83.32474093449353,0.979830395927184
Thermus thermophilus HB27 lysate,Q72IY1_TT_C1000,0.2153822424562894,86.80699284251148,6604.917773418314,87.48769413713153,0.9709197836103728
Thermus thermophilus HB27 lysate,Q72IY2_TT_C0999,0.2310240977535733,88.3628502922582,9999.999999999989,88.86329369804149,0.9935321425531402
Thermus thermophilus HB27 lysate,Q72IY3_TT_C0998,0.2676153188520951,72.55298232695094,4716.8044127213,73.46227312417453,0.9014199085450186
Thermus thermophilus HB27 lysate,Q72IY4_TT_C0997,0.33695380556422616,85.27656184120781,6208.015268382695,86.65884182020703,0.9210968765115459
Thermus thermophilus HB27 lysate,Q72IY9_TT_C0992,0.34680601028485275,87.89585044189111,6704.052019546448,89.33233474344179,0.9286482730620973
Thermus thermophilus HB27 lysate,Q72IZ1_gyrA,0.1591533739436782,86.24609307897371,6743.245169773852,86.68683438474876,0.9365174839640948
Thermus thermophilus HB27 lysate,Q72IZ3_TT_C0988,0.14170488129485928,85.31982078522337,4008.985284710455,85.93156888656496,0.9903534379005496
Thermus thermophilus HB27 lysate,Q72IZ4_TT_C0987,0.29350661742912315,87.87030465501529,9999.999999999998,88.62054981542047,0.9075724414129317
Thermus thermophilus HB27 lysate,Q72IZ5_TT_C0986,0.16265688116290675,81.57229131844505,1907.9468394504127,82.96916285191841,0.9845152331436023
Thermus thermophilus HB27 lysate,Q72IZ8_TT_C0983,0.26474266395854734,72.11794403901409,8883.014608104484,72.62908883683163,0.911746448600022
Thermus thermophilus HB27 lysate,Q72IZ9_nfi,0.2757173867519827,84.17002265895466,4038.6351287035627,85.62684685964237,0.9053245163580345
Thermus thermophilus HB27 lysate,Q72J00_TT_C0981,0.10156033151476791,78.04507629398617,6537.251904918478,78.27938837693134,0.9696306991079627
Thermus thermophilus HB27 lysate,Q72J04_TT_C0977,0.1577119772118736,82.33890315836501,4208.595358350814,82.95572149557142,0.986890684226437
Thermus thermophilus HB27 lysate,Q72J05_TT_C0976,0.13393139742186,82.36106035289966,9999.999999999616,82.59636207334722,0.9509122032560385
Thermus thermophilus HB27 lysate,Q72J06_TT_C0975,0.08801701404301616,80.17879276415644,3517.7085637636847,80.54332557868379,0.9940505772406699
Thermus thermophilus HB27 lysate,Q72J09_dppB,0.2449651967835755,74.6125078088678,6104.491241097564,75.2733689783034,0.94718638681925
Thermus thermophilus HB27 lysate,Q72J11_livF,0.16611457827240295,72.29081207407582,5769.491229331922,72.67845418784839,0.9578356298276569
Thermus thermophilus HB27 lysate,Q72J12_livG,0.10111242285586929,72.49680891434706,5031.951692373847,72.7397069965973,0.9680360605502745
Thermus thermophilus HB27 lysate,Q72J16_TT_C0965,0.2453410925965023,87.94595750619425,2544.0939134860214,90.04914684577643,0.9441079751019493
Thermus thermophilus HB27 lysate,Q72J29_TT_C0952,0.22509102989064367,73.9585669517133,5419.865822558685,74.60193326480916,0.9351455094755872
Thermus thermophilus HB27 lysate,Q72J33_TT_C0948,0.12166217864372823,81.93315281567583,3349.7608547313703,82.50727747421746,0.9940236311501295
Thermus thermophilus HB27 lysate,Q72J35_upp,0.24832715592671187,87.03243421228181,9999.999999992338,87.60587873809364,0.9784653527961774
Thermus thermophilus HB27 lysate,Q72J36_TT_C0945,0.44957037500265445,86.576604999251,9999.99999995587,88.45559193354566,0.9415974925428738
Thermus thermophilus HB27 lysate,Q72J39_miaB,0.1265781168972246,72.57340003808127,3875.7880354602667,72.97291012533094,0.9378854828460341
Thermus thermophilus HB27 lysate,Q72J40_TT_C0941,0.4149757904609526,86.99966868336591,9999.999999999982,88.47409818211379,0.9370499329256982
Thermus thermophilus HB27 lysate,Q72J47_rpiA,0.20124433163538005,86.5358352248913,5917.866815136055,87.21403700726968,0.9684486972431597
Thermus thermophilus HB27 lysate,Q72J51_ftsE,0.24114995612542667,72.32271679924348,6163.347485213281,72.89699270121461,0.9230614054975149
Thermus thermophilus HB27 lysate,Q72J55_TT_C0924,0.1676985204489572,87.257327233844,6610.725608663842,87.74396472745562,0.9748129448087172
Thermus thermophilus HB27 lysate,Q72J56_sbcD,0.20478843084260417,79.80869366580922,1638.1330776783655,81.91462796772585,0.9458483727217485
Thermus thermophilus HB27 lysate,Q72J58_TT_C0921,0.12416179475222194,74.08800357580608,6422.711529492478,74.36148433658494,0.9872159516616138
Thermus thermophilus HB27 lysate,Q72J67_TT_C0912,0.10766384101113528,77.38820716371744,1631.257711807959,78.29525243535804,0.9742699284809455
Thermus thermophilus HB27 lysate,Q72J72_atpA,0.05331560512723145,88.2840636541779,2059.9155385788877,88.71607874916015,0.9660623103089915
Thermus thermophilus HB27 lysate,Q72J73_atpB,0.04584147125095481,87.88042788872342,1780.5110795714554,88.3034039904364,0.9637746034780357
Thermus thermophilus HB27 lysate,Q72J76_TT_C0903,0.2645987126974969,89.04680695377135,9999.999999999998,89.69178476344271,0.9306839457077238
Thermus thermophilus HB27 lysate,Q72J77_recG,0.19643544204677435,74.84395345248502,9651.274797398144,75.17918826092145,0.9747560202072697
Thermus thermophilus HB27 lysate,Q72J82_TT_C0897,0.37968679843155273,88.32605583866642,9999.999999999998,89.54891574204899,0.9846894244433307
Thermus thermophilus HB27 lysate,Q72J83_dnaG,0.17329715724071962,78.74107038496729,2672.675964400928,79.75029082910031,0.9467884377656987
Thermus thermophilus HB27 lysate,Q72J86_TT_C0893,0.4539253303986573,87.42708322399649,9999.999999999998,89.40562904868601,0.9086673600039776
Thermus thermophilus HB27 lysate,Q72J90_TT_C0889,0.11410619195361892,81.81342393210747,2252.469383025209,82.59816470615586,0.969333020031559
Thermus thermophilus HB27 lysate,Q72J91_tsaD,0.2582372554227606,86.8238904809325,9999.99999745002,87.43734901402453,0.9861932654276626
Thermus thermophilus HB27 lysate,Q72J92_secA,0.12138703911330566,78.11161445524746,9999.999999999998,78.32408516681558,0.9817966065091169
Thermus thermophilus HB27 lysate,Q72J93_TT_C0886,0.2553832649691803,89.75693716845154,9999.999999999998,90.39335213826661,0.9640858510840188
Thermus thermophilus HB27 lysate,Q72J94_TT_C0885,0.05502064439481961,75.61619965462657,2589.1370976456774,75.87601494354075,0.9881583757755551
Thermus thermophilus HB27 lysate,Q72J97_TT_C0882,0.36936708496247866,89.72599498842224,9999.99999998519,90.86160350217928,0.9623055432598909
Thermus thermophilus HB27 lysate,Q72JA0_minD,0.1702421375000167,71.96641879085495,9999.99999999759,72.23921521476326,0.9415675962935377
Thermus thermophilus HB27 lysate,Q72JA3_potA,0.11643126543871969,82.3179976810462,4514.08165282612,82.72583747238949,0.9945850246572939
Thermus thermophilus HB27 lysate,Q72JA4_potB,0.06363006581423092,85.04534991935614,1637.0035180741877,85.65511995736837,0.9631794905312542
Thermus thermophilus HB27 lysate,Q72JA8_ilvD,0.21878101994883276,89.19725448557533,9999.999999999998,89.68917531009924,0.9883142239316054
Thermus thermophilus HB27 lysate,Q72JB3_leuC,0.04297450133056074,75.65618832108694,2094.782940212564,75.90363648495034,0.9841822925934902
Thermus thermophilus HB27 lysate,Q72JC6_TT_C0852,0.10463535694074536,73.29855748928425,3107.9098447699935,73.71405863906435,0.9617206350035994
Thermus thermophilus HB27 lysate,Q72JC7_TT_C0851,0.13068036699261334,73.50192103830263,3825.9513012378784,73.93413934369353,0.974381011486636
Thermus thermophilus HB27 lysate,Q72JC9_leuA,0.1091829451125435,84.51428468144454,3429.8437585085862,85.03220043461454,0.9638027629353564
Thermus thermophilus HB27 lysate,Q72JD1_TT_C0847,0.13087463754360568,78.64650724311646,2196.4408600087495,79.52008008828805,0.991077518229732
Thermus thermophilus HB27 lysate,Q72JE2_TT_C0830,0.2612047731954964,86.4075240344107,9999.999999999998,86.96683353422489,0.9226935606060578
Thermus thermophilus HB27 lysate,Q72JF0_ychF,0.0956048148816953,77.73837823160412,3399.8338891670646,78.12381552256875,0.9967217635019868
Thermus thermophilus HB27 lysate,Q72JF3_TT_C0819,0.1565945431067386,84.10948552498921,6491.400376696912,84.54377599656304,0.9941576920845566
Thermus thermophilus HB27 lysate,Q72JF4_trmJ,0.3768769817821665,88.02284064473407,9999.999999999998,89.17395760317017,0.9564455419911669
Thermus thermophilus HB27 lysate,Q72JF5_TT_C0817,0.16146338665162754,78.66608396640866,3645.3609582324707,79.35085523553605,0.9872055196528569
Thermus thermophilus HB27 lysate,Q72JF7_TT_C0815,0.2026517780142785,83.88615624148,3844.958144661738,84.8562910779203,0.9853026410518807
Thermus thermophilus HB27 lysate,Q72JF8_TT_C0814,0.32443814836234486,83.06980767049214,5486.335251349528,84.45649572017251,0.9167562510666707
Thermus thermophilus HB27 lysate,Q72JG1_rimO,0.14505703447197868,72.15785729305128,9024.466040947742,72.40571541047278,0.9669953774966006
Thermus thermophilus HB27 lysate,Q72JG2_trkA,0.0921837322870825,86.4507446176058,1604.244167657896,87.41619451553086,0.9298387009730943
Thermus thermophilus HB27 lysate,Q72JG4_TT_C0808,0.29301095904350183,88.97682338077053,6554.279505816338,90.06674724919762,0.9417720715473497
Thermus thermophilus HB27 lysate,Q72JG7_valS,0.2846823475955651,89.8181255061964,9999.999996483912,90.56430882886647,0.9196450837926471
Thermus thermophilus HB27 lysate,Q72JG9_ecJ,0.17161933037820545,84.35541535881072,4827.851113063237,84.98058317491189,0.9917919526039882
Thermus thermophilus HB27 lysate,Q72JH2_TT_C0800,0.2177749158471446,80.55442695890855,4224.521607127096,81.46819266533917,0.9639374339262233
Thermus thermophilus HB27 lysate,Q72JH5_TT_C0797,0.4333353802313484,87.93780245215667,9999.999999999998,89.64047649321232,0.9482401205748046
Thermus thermophilus HB27 lysate,Q72JI0_TT_C0792,0.2965959293586592,88.25065586763225,9764.251598202625,88.97779160503022,0.9780804975397188
Thermus thermophilus HB27 lysate,Q72JI1_merR,0.2777912795404253,84.33697396071557,2260.3304622870555,86.97048544619207,0.9123934173151533
Thermus thermophilus HB27 lysate,Q72JI7_TT_C0785,0.2334217635208642,85.37521354786318,2282.393076626014,87.44633296111938,0.9239090182523333
Thermus thermophilus HB27 lysate,Q72JI9_TT_C0783,0.1783085849303937,90.81641230719892,5916.4191515860275,91.45801109180587,0.9488804896327006
Thermus thermophilus HB27 lysate,Q72JJ3_TT_C0779,0.1437756355715134,85.70399744427588,6976.7505479073725,86.07141397734674,0.992705648699292
Thermus thermophilus HB27 lysate,Q72JJ4_TT_C0778,0.12994530791214834,80.22827495760592,1356.5070157419855,81.68785184824341,0.9219891557134265
Thermus thermophilus HB27 lysate,Q72JJ8_pnp,0.20894283587174878,89.4311343008653,9999.999999999998,89.87537876255946,0.9840934066735264
Thermus thermophilus HB27 lysate,Q72JK5_TT_C0767,0.10458033983285327,78.42977051524767,5010.945162383249,78.72607836879189,0.9920108041694227
Thermus thermophilus HB27 lysate,Q72JK7_TT_C0765,0.17786909662677194,88.19562586893406,9114.461988517403,88.60114752168909,0.9983663126981662
Thermus thermophilus HB27 lysate,Q72JK8_TT_C0764,0.15744752807077053,74.13439617361733,2645.777850154578,74.93113355940902,0.9639331909940643
Thermus thermophilus HB27 lysate,Q72JL4_TT_C0758,0.4686000556277711,89.56429498549114,9999.999999999998,91.90082230907431,0.9149027957903455
Thermus thermophilus HB27 lysate,Q72JM0_TT_C0752,0.17221125783279745,85.8945578682348,5379.081120222726,86.49939332375955,0.9849105079054442
Thermus thermophilus HB27 lysate,Q72JM6_lon2,0.1706109019758682,88.25919795905719,9999.999993265805,88.6135116224985,0.940495673175167
Thermus thermophilus HB27 lysate,Q72JN6_TT_C0734,0.13189099352802333,72.15108104914819,9999.999999982605,72.36506481926509,0.9778741755019673
Thermus thermophilus HB27 lysate,Q72JP1_mqnC,0.1480330254258872,75.64952286462606,2269.9614345806094,76.55635411176354,0.9581560047634774
Thermus thermophilus HB27 lysate,Q72JP4_ftsZ,0.20301929791891948,75.50404207632471,3757.7475941655152,76.32551673349109,0.9221258313702554
Thermus thermophilus HB27 lysate,Q72JP5_ftsA,0.06852374145533749,75.26348884544139,3445.3185630208754,75.51528610096273,0.9969173484150538
Thermus thermophilus HB27 lysate,Q72JP7_murB,0.13940155166771892,79.89729135442032,2550.2331903025583,80.73152631666872,0.9862133064479232
Thermus thermophilus HB27 lysate,Q72JP8_TT_C0720,0.16956762749669035,84.64748437182523,4368.678758936012,85.35060168519585,0.9798058454990671
Thermus thermophilus HB27 lysate,Q72JP9_murG,0.09728851741925629,77.31887394586111,2409.5168458911344,77.86248224077656,0.9914290963171224
Thermus thermophilus HB27 lysate,Q72JQ1_murD,0.14161063319375203,77.18039191986068,4134.418429402596,77.67567541507042,0.9904676280256925
Thermus thermophilus HB27 lysate,Q72JQ4_TT_C0714,0.10756839196379712,72.19217873281369,9208.77336499389,72.37230315148835,0.9676296629508865
Thermus thermophilus HB27 lysate,Q72JR1_mtnA,0.23802373399804574,88.75446316217122,7268.479523069774,89.49918676885214,0.9742142684924432
Thermus thermophilus HB27 lysate,Q72JR8_rho,0.0726869322442539,76.10401073763597,4244.7767131906185,76.33131396870239,0.9974382117072548
Thermus thermophilus HB27 lysate,Q72JS0_TT_C0698,0.03783784406850842,84.51325226686394,1415.096750098688,84.91335189404688,0.9547070296944254
Thermus thermophilus HB27 lysate,Q72JS1_ribA,0.1255106476157601,80.63207932258788,4447.165241473669,81.06191367634791,0.9931407224336832
Thermus thermophilus HB27 lysate,Q72JS5_queA,0.25496735148777067,84.19364576454674,5178.047433639388,85.20515722160258,0.9633384065020177
Thermus thermophilus HB27 lysate,Q72JS7_glmM,0.11254573127514941,80.2285007771987,1253.2996655872469,81.5657705974306,0.9104966553407368
Thermus thermophilus HB27 lysate,Q72JS8_TT_C0690,0.3346669346948656,90.26018309209988,4602.324568862676,92.2930933405078,0.9066078537788035
Thermus thermophilus HB27 lysate,Q72JS9_TT_C0689,0.12168908320276482,78.09170566972888,9999.999999995602,78.30441713394201,0.9825373196044709
Thermus thermophilus HB27 lysate,Q72JT2_TT_C0686,0.2796962589140083,85.04205967889717,3798.0533040912865,86.65599318881215,0.9265091011130304
Thermus thermophilus HB27 lysate,Q72JT9_lysS,0.14542834866125587,89.69774315663297,9999.999999999998,89.97505369908428,0.9854736946018501
Thermus thermophilus HB27 lysate,Q72JU0_czrB,0.2841859904343737,87.00544795402577,9999.999999999998,87.69680793624828,0.944582324632613
Thermus thermophilus HB27 lysate,Q72JU1_TT_C0677,0.2538623127380543,88.79455924948647,9999.999999999998,89.41499511966376,0.9907894044255714
Thermus thermophilus HB27 lysate,Q72JU4_ffh,0.10999080838557025,75.21016459484154,4325.395120398229,75.55034185427161,0.9868526446187059
Thermus thermophilus HB27 lysate,Q72JU6_TT_C0672,0.1571229194994433,86.76559421680184,9999.999999999996,87.06292462601094,0.9502848880672822
Thermus thermophilus HB27 lysate,Q72JU7_rimM,0.1853050837356536,85.89981868928061,7376.806550031501,86.39858077782843,0.9261956901332237
Thermus thermophilus HB27 lysate,Q72JU9_rplS,0.12217236348157576,74.32763467328509,5315.096896627138,74.63421776982683,0.9882028694694244
Thermus thermophilus HB27 lysate,Q72JV0_TT_C0668,0.1801277592776061,84.64005463898955,2570.4610943563707,85.90719285698236,0.9571527797257267
Thermus thermophilus HB27 lysate,Q72JV1_TT_C0667,0.06892718184587236,85.2541887371583,2268.515854507887,85.735895316662,0.9740325529995796
Thermus thermophilus HB27 lysate,Q72JV2_TT_C0666,0.1301147919337332,80.88398726715442,5265.571588385642,81.2786952477715,0.9919225083063978
Thermus thermophilus HB27 lysate,Q72JV5_TT_C0663,0.08979004735598825,80.35812121392311,5861.7439567362135,80.58790119658336,0.9050363884308297
Thermus thermophilus HB27 lysate,Q72JX9_TT_C0639,0.18914694406522206,79.37218077673852,1739.43306918483,81.13717403631,0.941416576302614
Thermus thermophilus HB27 lysate,Q72JY0_TT_C0638,0.21013147773689997,79.85677399952185,1917.405481024143,81.72184125919709,0.9135032698436026
Thermus thermophilus HB27 lysate,Q72JY1_TT_C0637,0.3406493732416268,85.77280099736736,4831.47628214101,87.59204920910511,0.9372601212534569
Thermus thermophilus HB27 lysate,Q72JY5_TT_C0633,0.18624820768692849,77.90466395600599,1548.8886318467157,79.78104930433358,0.9514356080538962
Thermus thermophilus HB27 lysate,Q72JY9_TT_C0629,0.19128879936945584,80.58330517737842,1698.1895825970812,82.48080165540524,0.915426771188697
Thermus thermophilus HB27 lysate,Q72JZ1_TT_C0627,0.1005372731152739,85.00475561190852,4197.574002046792,85.40473384255446,0.9848110504266855
Thermus thermophilus HB27 lysate,Q72JZ6_TT_C0622,0.17302760791523758,80.28393264888699,3214.4582653597186,81.15426773868192,0.9878382023579456
Thermus thermophilus HB27 lysate,Q72JZ8_nadA,0.23385149740962288,73.65695378416335,3105.142144665981,74.78993323955642,0.9141070728192224
Thermus thermophilus HB27 lysate,Q72JZ9_TT_C0619,0.194475684249591,77.39600845849768,2546.233677693152,78.58717433506727,0.9618991500169345
Thermus thermophilus HB27 lysate,Q72K09_tetR,0.22696403216951516,84.15519025997841,3719.371042358498,85.34370570467314,0.954510041036959
Thermus thermophilus HB27 lysate,Q72K10_paaA,0.2670975615375574,79.76937231420366,5023.500542959038,80.77283069519619,0.9400264726835109
Thermus thermophilus HB27 lysate,Q72K11_paaB,0.1400932859595321,78.12067703718425,2642.4624569317557,78.89096014782483,0.9870405918385778
Thermus thermophilus HB27 lysate,Q72K12_paaC,0.2052968931857089,85.03387289856559,2477.9449504312042,86.61743673636917,0.9659260771064185
Thermus thermophilus HB27 lysate,Q72K14_paaZ,0.10476193294200604,86.10506546305834,2441.888781376008,86.82847465664199,0.9464901341749101
Thermus thermophilus HB27 lysate,Q72K16_TT_C0602,0.14560479300544701,84.46002734568029,4323.699225120411,85.03451412857113,0.9815007295008478
Thermus thermophilus HB27 lysate,Q72K24_TT_C0594,0.22873822311804567,88.03795257553232,9999.999999999998,88.5619279887228,0.9840625069938063
Thermus thermophilus HB27 lysate,Q72K25_TT_C0593,0.11005502074908688,82.25087253506702,4035.807350950649,82.67822227127643,0.9910177129890526
Thermus thermophilus HB27 lysate,Q72K32_TT_C0586,0.19535921680031174,79.14836842707025,8398.706699274308,79.56004725253545,0.9792007965244666
Thermus thermophilus HB27 lysate,Q72K49_TT_C0569,0.2124961603971401,88.6312129025281,7061.988046770506,89.28132049885761,0.9776073815759896
Thermus thermophilus HB27 lysate,Q72K50_TT_C0568,0.2660433846117374,88.54829731287913,7089.548768245518,89.4399367302296,0.9727161474684519
Thermus thermophilus HB27 lysate,Q72K53_ftsK,0.12536099652240112,74.5789750575139,2051.51176289386,75.3795917142851,0.9586251107948044
Thermus thermophilus HB27 lysate,Q72K62_TT_C0465,0.1662849124750325,83.47393969301399,1775.6757978721907,85.094604860352,0.9279650127037224
Thermus thermophilus HB27 lysate,Q72K64_TT_C0463,0.22779729634861773,80.81004528688568,3467.890938631879,81.97337993790467,0.951705812111953
Thermus thermophilus HB27 lysate,Q72K69_prkA,0.10651817107284187,78.22752067854118,2661.062770338086,78.78737911690581,0.990382826869558
Thermus thermophilus HB27 lysate,Q72K70_asnC,0.22160222460277978,81.00450779189198,2617.04960202006,82.51643103657334,0.9546333835772641
Thermus thermophilus HB27 lysate,Q72K73_TT_C0298,0.12735636667225733,77.47408263925908,2218.634928667066,78.28647721172021,0.9921797371270323
Thermus thermophilus HB27 lysate,Q72K74_prmA,0.06976714919598652,85.85906406876438,9999.999999999998,85.96771414904366,0.9816332200644033
Thermus thermophilus HB27 lysate,Q72K76_TT_C0295,0.2063480905890856,80.85641909674307,2769.1389073631644,82.14147990033865,0.9676244749170195
Thermus thermophilus HB27 lysate,Q72K77_TT_C0294,0.1304202965936001,89.63239155805701,9999.99999999964,89.87682642660336,0.9038016171405149
Thermus thermophilus HB27 lysate,Q72K78_TT_C0293,0.29665121374159553,88.47027558076675,9999.40840612072,89.23208519094328,0.9486325147940301
Thermus thermophilus HB27 lysate,Q72K85_mnmE,0.0920610319506375,73.9920899479504,3219.103989968238,74.35136707897281,0.986234967864393
Thermus thermophilus HB27 lysate,Q72K86_purH,0.3187197844413046,89.90395001018112,9999.999999999998,90.7772848700201,0.9488827684110724
Thermus thermophilus HB27 lysate,Q72K88_TT_C0559,0.13278973261347224,75.4837754733631,2572.8723307646064,76.18184903754369,0.9810996108569531
Thermus thermophilus HB27 lysate,Q72K91_TT_C0556,0.15982448800228802,82.89485379809163,1902.7648055599677,84.31793573949564,0.9733772095916853
Thermus thermophilus HB27 lysate,Q72K92_TT_C0555,0.3323561936967505,80.99773593446407,3857.3109938715443,82.91172556669565,0.9197290408592258
Thermus thermophilus HB27 lysate,Q72K93_rnr,0.2039052279942988,73.06430054576987,4325.253154579155,73.73530378664329,0.9520083144091642
Thermus thermophilus HB27 lysate,Q72K96_TT_C0551,0.06821069863627283,73.42055796586554,3888.2930507387377,73.6312031668445,0.9859661891634081
Thermus thermophilus HB27 lysate,Q72KA2_TT_C0545,0.24502712250051048,88.72259944302753,9999.999999999998,89.30745591468533,0.9525565648541398
Thermus thermophilus HB27 lysate,Q72KA4_TT_C0543,0.12340571583208278,72.38021343447097,6188.482352457989,72.63665565655356,0.9707580932561469
Thermus thermophilus HB27 lysate,Q72KB0_cysS,0.4274125669183421,89.12104701459627,9999.999999999984,90.76967620212073,0.9039892494649897
Thermus thermophilus HB27 lysate,Q72KB1_TT_C0536,0.12854385380557665,87.84613935428678,8840.572968178285,88.12307343820855,0.9947768074977301
Thermus thermophilus HB27 lysate,Q72KB2_TT_C0535,0.32927844266248735,89.82183957648544,9999.999999997422,90.7509649451767,0.931678497791316
Thermus thermophilus HB27 lysate,Q72KB3_TT_C0534,0.2025584464012997,90.99918127174281,4712.830008569815,91.92537837593967,0.9692711607797782
Thermus thermophilus HB27 lysate,Q72KB4_mfd,0.1444008777431972,74.39666075055734,7043.634029428264,74.68187898854045,0.9854117805614994
Thermus thermophilus HB27 lysate,Q72KB7_rfaG,0.03210656663237827,85.07745728184682,1146.6663756357536,85.50203899774456,0.9389718539128449
Thermus thermophilus HB27 lysate,Q72KB8_TT_C0529,0.18042029558461586,87.47341129048056,2680.4653806619567,88.77774525223998,0.9718337127221769
Thermus thermophilus HB27 lysate,Q72KC1_TT_C0526,0.135405892893329,73.0499334122555,3885.776416643897,73.50378597400338,0.9685328101990839
Thermus thermophilus HB27 lysate,Q72KC4_TT_C0523,0.32420141247690204,84.74724972495346,3037.4944181123756,87.31625018457935,0.9497789855694506
Thermus thermophilus HB27 lysate,Q72KC9_TT_C0517,0.35151335404174155,88.01099531705283,7133.563408316832,89.41052756733728,0.9760978406630669
Thermus thermophilus HB27 lysate,Q72KD3_TT_C0513,0.1885763043687335,87.779448304906,9999.999999999998,88.17710750567575,0.9956401004097852
Thermus thermophilus HB27 lysate,Q72KE2_dxr,0.14068431794102126,88.00908173281428,8568.466175058476,88.3378060985402,0.9859363334918885
Thermus thermophilus HB27 lysate,Q72KE4_TT_C0502,0.10295337527125231,76.95588580338219,3137.369399257284,77.40489857439856,0.9954878699218472
Thermus thermophilus HB27 lysate,Q72KE6_TT_C0499,0.3102324362232122,81.61405494602043,9287.771794489772,82.3934645650708,0.9548328142013471
Thermus thermophilus HB27 lysate,Q72KF2_TT_C0343,0.26534254517443334,86.9922255778506,3009.288971320126,88.94120910027665,0.9260198221544828
Thermus thermophilus HB27 lysate,Q72KF5_phzF,0.10217661265032765,75.80100408413757,3961.021715067453,76.14331139246478,0.9889924181381745
Thermus thermophilus HB27 lysate,Q72KF6_TT_C0357,0.10875379809141023,79.95216913402655,3214.345990721647,80.45398299388135,0.9945474210304335
Thermus thermophilus HB27 lysate,Q72KF8_pdxT,0.3132967923424287,78.33810898517974,2918.3472535031797,80.49469959401098,0.9161324199597509
Thermus thermophilus HB27 lysate,Q72KF9_TT_C0354,0.13032643112184333,77.91255697251387,4483.950558766053,78.34153088594935,0.9260362736766492
Thermus thermophilus HB27 lysate,Q72KG6_TT_C0369,0.1450950856171292,78.39071695706404,4899.398020849664,78.82964621617252,0.9682650181651274
Thermus thermophilus HB27 lysate,Q72KH0_TT_C0365,0.2484805294866257,86.84578406268459,5897.244879568623,87.75579621409166,0.932259767504626
Thermus thermophilus HB27 lysate,Q72KI0_TT_C0480,0.20061496144881816,77.82615872805232,2268.4546040666555,79.23106608976353,0.9679126107048764
Thermus thermophilus HB27 lysate,Q72KI3_acuB,0.19644542569768922,82.73053517077913,4327.980219563801,83.54859190248048,0.9570265488164138
Thermus thermophilus HB27 lysate,Q72KI6_TT_C0489,0.1088982174954328,76.01323711401264,2999.1545032277027,76.50057013862771,0.9914907466222744
Thermus thermophilus HB27 lysate,Q72KJ3_TT_C0441,0.24666096348954442,82.52059115952268,3388.541094788946,83.91600674356124,0.9381654631390832
Thermus thermophilus HB27 lysate,Q72KK0_TT_C0448,0.13903226054741272,76.47247550617935,2079.8344609053006,77.40999253249588,0.9808556319160548
Thermus thermophilus HB27 lysate,Q72KK1_TT_C0447,0.12814489425935655,78.85840462247077,9999.999999976722,79.05586303790302,0.9804063290620423
Thermus thermophilus HB27 lysate,Q72KK5_TT_C0443,0.17793146415688796,76.15609810342552,2176.127745412212,77.3592507757245,0.9567275465917924
Thermus thermophilus HB27 lysate,Q72KK6_TT_C0305,0.13725454048805402,76.59213293350086,2949.0368390384247,77.24715231793245,0.9792169229973839
Thermus thermophilus HB27 lysate,Q72KK7_TT_C0304,0.11759848033642682,78.29958975882806,2964.223702370602,78.86186354611331,0.9945383505812576
Thermus thermophilus HB27 lysate,Q72KL0_TT_C0301,0.13887622208984174,79.55387899968616,3989.838925125771,80.07947923109404,0.9939923601961621
Thermus thermophilus HB27 lysate,Q72KL8_thiE,0.32637867042761953,83.1197366816942,3879.19602708619,85.05458641528597,0.9094954759411824
Thermus thermophilus HB27 lysate,Q72KM1_TT_C0312,0.07301342714720839,77.24519570256179,1956.58675169204,77.73385853454816,0.9905540856573675
Thermus thermophilus HB27 lysate,Q72KM6_TT_C0382,0.12661643636485675,80.96866192740315,5510.276206997429,81.33757214408163,0.9934078599644459
Thermus thermophilus HB27 lysate,Q72KN1_TT_C0376,0.22262677155580274,86.0559332824867,9999.999999999998,86.54374155050967,0.9712184679848359
Thermus thermophilus HB27 lysate,Q72KN3_TT_C0374,0.10740355890281567,84.44669128437937,8300.438493089528,84.6652934973176,0.93183051087445
Thermus thermophilus HB27 lysate,Q72KN4_TT_C0377,0.21944866684539174,73.41680485638943,3923.7213969316736,74.24255452735117,0.954718375397964
Thermus thermophilus HB27 lysate,Q72KN5_TT_C0373,0.12900696013264953,77.13444337814582,4643.397948070414,77.53552453675262,0.9648914274156303
Thermus thermophilus HB27 lysate,Q72KN7_TT_C0371,0.40665810357990934,86.57320927594962,9999.999999977774,87.89467043653585,0.955616686954343
Thermus thermophilus HB27 lysate,Q72KN9_thiG,0.1432706460856862,85.6851511833376,1613.7713714795266,87.25506661221499,0.9413196324522757
Thermus thermophilus HB27 lysate,Q72KP4_TT_C0321,0.07978691919838515,80.8195444208308,1828.8040019531813,81.45140631854424,0.9921716253987262
Thermus thermophilus HB27 lysate,Q72KP6_thiC,0.10699090885617218,81.04217117665063,1965.6563585542942,81.85779659999862,0.9906361968706039
Thermus thermophilus HB27 lysate,Q72KP8_TT_C0340,0.3863085137222084,87.93271296570448,9999.999991792502,89.13580144907404,0.932375300601814
Thermus thermophilus HB27 lysate,Q72KQ5_TT_C0333,0.05577966695347861,83.69414939380829,4697.004561690875,83.87136772276895,0.9818460237581645
Thermus thermophilus HB27 lysate,Q72KQ7_TT_C0461,0.21464669736908676,78.27120155968791,2431.961106940982,79.7223480543253,0.9712879928103147
Thermus thermophilus HB27 lysate,Q72KR3_TT_C0455,0.13784627479799946,79.5419650251851,3161.812893268385,80.20258253392547,0.9877116545984046
Thermus thermophilus HB27 lysate,Q72KR6_mqnE,0.06940087975607698,74.68665645038283,2092.080407392521,75.09012148766404,0.9690346899147844
Thermus thermophilus HB27 lysate,Q72KR7_mqnA,0.12976107364198458,84.37422467084636,2277.567077590383,85.33222597636068,0.9725906895591168
Thermus thermophilus HB27 lysate,Q72KR9_TT_C0422,0.15404560126768632,84.25883635849165,2034.178477342057,85.57304165608451,0.9514655931559769
Thermus thermophilus HB27 lysate,Q72KS4_lon1,0.13023191362218695,78.13454140405156,5143.695989980119,78.51296938348268,0.9915302693180226
Thermus thermophilus HB27 lysate,Q72KT0_TT_C0412,0.21982375682622532,87.49387419775981,9999.999999999907,87.94361426155339,0.9789299106592373
Thermus thermophilus HB27 lysate,Q72KT1_TT_C0411,0.14125851273499745,72.83691183459025,3503.364942093023,73.36063351798698,0.9478748798795975
Thermus thermophilus HB27 lysate,Q72KT2_TT_C0435,0.16947169759022498,88.53568589678814,8725.713891682388,88.91247550195783,0.9942628410285568
Thermus thermophilus HB27 lysate,Q72KT6_TT_C0431,0.29745056163010725,87.78783087389093,8620.48941031667,88.65527758128013,0.9843541384101483
Thermus thermophilus HB27 lysate,Q72KT9_pyrR,0.22669255027010934,86.58665247305949,9999.99999999936,87.05516913397649,0.9314182236086342
Thermus thermophilus HB27 lysate,Q72KU1_pyrC,0.2583684084735566,86.73385562984969,7031.434725478215,87.56024557953336,0.9252923933806557
Thermus thermophilus HB27 lysate,Q72KU3_pyrD,0.1506058702638018,77.0047239398573,2540.0058690804412,77.85565682915235,0.987376508281156
Thermus thermophilus HB27 lysate,Q72KV2_lepA,0.09874929812615678,82.94763225495572,4806.727210375038,83.27699557132924,0.9948428868368404
Thermus thermophilus HB27 lysate,Q72KV3_TT_C0388,0.18323022107634687,82.72998795252656,6257.155096593015,83.25854222995099,0.9056489148240283
Thermus thermophilus HB27 lysate,Q72KV4_TT_C0387,0.20782011763013958,89.12024550491488,9310.241147581484,89.61530541415277,0.9750343248471643
Thermus thermophilus HB27 lysate,Q72KV5_TT_C0386,0.2645054473962991,85.43257179120826,4589.36066972082,86.67245469659048,0.9406086377977525
Thermus thermophilus HB27 lysate,Q72KV6_sufE,0.42993688669676833,87.93124278304329,9994.981246724328,89.59600319209379,0.9247544218790184
Thermus thermophilus HB27 lysate,Q72KV7_TT_C0408,0.12523343736465878,86.07560780354498,3947.5535050400504,86.63035368199417,0.9448674921090474
Thermus thermophilus HB27 lysate,Q72KV8_TT_C0406,0.2977846309775356,88.10511013297561,9999.999999999656,88.8427559982613,0.9682723190924964
Thermus thermophilus HB27 lysate,Q72KV9_TT_C0405,0.06986152916249572,79.11971436401458,3022.6905518941307,79.44071559529547,0.9928489932402018
Thermus thermophilus HB27 lysate,Q72KW2_TT_C0402,0.2002003711431821,77.87448758556118,2993.4400159271413,78.92861870856777,0.9702321089274273
Thermus thermophilus HB27 lysate,Q72KW3_TT_C0401,0.3179034141288763,84.61105932396391,3684.1470779787523,86.64881777902858,0.9253688581568141
Thermus thermophilus HB27 lysate,Q72KW8_TT_C0332,0.11319780978781939,80.00622821671222,2872.6922290248444,80.59150350487677,0.978554789381481
Thermus thermophilus HB27 lysate,Q72KW9_TT_C0331,0.32175589504355284,89.39114963133173,9999.999999999998,90.28586965128072,0.9339515385198754
Thermus thermophilus HB27 lysate,Q72KX7_TT_C0288,0.12422311540982457,77.80417660307276,2417.0483580845694,78.53602713822411,0.9847212862490273
Thermus thermophilus HB27 lysate,Q72KX8_wbpB,0.13447541346827221,80.8905626785745,1298.3842253156622,82.50748117394804,0.953485749336642
Thermus thermophilus HB27 lysate,Q72KY0_TT_C0285,0.0682745987809727,75.25955798462901,2417.4996410059134,75.61120107404079,0.9894551157068315
Thermus thermophilus HB27 lysate,Q72KY1_TT_C0284,1.545820376240673e-13,87.37781125924258,1576.115938381258,87.38070025628465,0.9616795422199496
Thermus thermophilus HB27 lysate,Q72KY3_TT_C0282,0.1827098618240285,78.07646896559844,4946.073451530099,78.66080943454246,0.973839850898721
Thermus thermophilus HB27 lysate,Q72KY5_TT_C0280,0.16275179126154948,80.7798687163675,2961.924679432373,81.66811446220615,0.9717285246949855
Thermus thermophilus HB27 lysate,Q72KY6_TT_C0279,0.08973022347430049,72.23579438293079,7267.40781871226,72.40529705114685,0.9746667844301529
Thermus thermophilus HB27 lysate,Q72KY9_TT_C0276,0.24609842919550706,73.86671509876365,2752.6568949210805,75.25328752131895,0.9341421754119332
Thermus thermophilus HB27 lysate,Q72KZ1_TT_C0274,0.3517772176875695,85.5700283057245,9999.999999999927,86.56168796939447,0.9108433732763506
Thermus thermophilus HB27 lysate,Q72KZ4_TT_C0271,0.10332197170455017,72.80299504028694,3743.304888603721,73.14177818022985,0.961721357936128
Thermus thermophilus HB27 lysate,Q72KZ7_chlI,0.10519703814560107,74.57556906605144,4164.678525879841,74.89434625691506,0.991431558337452
Thermus thermophilus HB27 lysate,Q72L01_hslU,0.12427827447680377,81.63192567848746,2601.9634710824544,82.38026987155939,0.9883263006733795
Thermus thermophilus HB27 lysate,Q72L05_ppc,0.3209468686995958,86.80974074109498,5776.299235087016,88.20095974677253,0.9598473854552775
Thermus thermophilus HB27 lysate,Q72L10_TT_C0255,0.19868721583766424,75.27453455996977,1878.8036779305344,76.8400744650498,0.9307694876504464
Thermus thermophilus HB27 lysate,Q72L12_TT_C0253,0.10241568463130295,80.91695574525177,6524.852014364121,81.16320806089476,0.9929178997320546
Thermus thermophilus HB27 lysate,Q72L14_clpX,0.2437796263374801,75.09820390474322,8934.073910322953,75.58342522596585,0.9302759334822945
Thermus thermophilus HB27 lysate,Q72L15_clpP,0.07960190826534663,73.1515265828424,4760.036338089559,73.36294090264695,0.9913208483455588
Thermus thermophilus HB27 lysate,Q72L19_TT_C0245,0.19176730353574944,88.26605297282501,9999.999999999998,88.67196894671844,0.9622872355676768
Thermus thermophilus HB27 lysate,Q72L20_TT_C0243,0.34704733955234124,87.08138356955477,9999.999999999998,87.99136361921616,0.971693373721598
Thermus thermophilus HB27 lysate,Q72L25_TT_C0238,0.14650279148145992,87.5357290800074,9316.967750902739,87.82719810367641,0.9916983500454568
Thermus thermophilus HB27 lysate,Q72L27_TT_C0236,0.15474293421264154,88.51093104522283,9999.838995606293,88.80932639291305,0.96150827944212
Thermus thermophilus HB27 lysate,Q72L33_TT_C0230,0.10461639419631029,72.44236985286064,4969.911952711123,72.6995946308011,0.9676309585703603
Thermus thermophilus HB27 lysate,Q72L35_TT_C0228,0.2931075688500321,80.90953741854031,2740.7617303591837,83.08073579833138,0.953213173156683
Thermus thermophilus HB27 lysate,Q72L37_TT_C0226,0.17241659202915036,84.29914126868108,3939.184075472429,85.07469564624353,0.9818297622344397
Thermus thermophilus HB27 lysate,Q72L41_TT_C0222,0.10171274192211664,82.79803287070789,3648.1960669086175,83.23713571520125,0.9922542059100247
Thermus thermophilus HB27 lysate,Q72L52_TT_C0211,0.13874425577487387,72.07643385921082,9999.999999031555,72.3012585102793,0.9567737022136409
Thermus thermophilus HB27 lysate,Q72L54_TT_C0209,0.19166214610151147,78.5741357012846,2364.3286981783276,79.8629630922048,0.9417506980091973
Thermus thermophilus HB27 lysate,Q72L56_TT_C0207,0.12035306770711605,74.8025253645464,3831.1065600974175,75.22019785440071,0.9897045936248056
Thermus thermophilus HB27 lysate,Q72L59_miaA,0.20653334370283866,86.71783570249232,9999.999999999998,87.15058009851093,0.992603004608763
Thermus thermophilus HB27 lysate,Q72L61_TT_C0202,0.4074095654785024,83.37213752811645,5016.958824584609,85.81478653097436,0.946320507510626
Thermus thermophilus HB27 lysate,Q72L62_tdh,0.4472550568113784,87.79577285255955,9999.99999998591,89.68319838291724,0.9424406809646092
Thermus thermophilus HB27 lysate,Q72L65_hflX,0.11154182599390258,71.99101144072382,9999.999999999998,72.15888594025402,0.9834454177441867
Thermus thermophilus HB27 lysate,Q72L68_ylmE,0.29193855024018217,87.87922264620188,9999.999999999998,88.62290347577573,0.9691376604852372
Thermus thermophilus HB27 lysate,Q72L70_TT_C0193,0.37460120661192886,84.5257485392102,3455.434795853838,87.52225085122993,0.927190483464969
Thermus thermophilus HB27 lysate,Q72L74_plsY,0.17786852271370177,72.86747155306736,3410.8045073859985,73.57740349933628,0.9379557555306348
Thermus thermophilus HB27 lysate,Q72L76_rplT,0.25883877157611546,75.52408947512826,3188.6419470954047,76.86267866010992,0.9408649152458824
Thermus thermophilus HB27 lysate,Q72L79_TT_C0181,0.18216429755148178,85.51376719011371,4427.009898877393,86.28660737900806,0.9826449337278578
Thermus thermophilus HB27 lysate,Q72L83_asd,0.2695196935587837,88.10527229881123,9398.79045716415,88.78124187282081,0.9881340140709495
Thermus thermophilus HB27 lysate,Q72L85_glyQS,0.13166218586605413,85.23737282649167,7708.91141806106,85.5474513824308,0.9910228802369785
Thermus thermophilus HB27 lysate,Q72L86_clpA,0.0946986319659257,74.5516261504772,3476.4694337974993,74.8908806256943,0.989930991837543
Thermus thermophilus HB27 lysate,Q72L88_TT_C0172,0.23697976222572176,81.47470176863744,3595.74342061414,82.69668205271044,0.974315797894024
Thermus thermophilus HB27 lysate,Q72L95_sigA,0.1657327272130922,88.62743890938087,8890.05826445336,88.9849802219064,0.9716561969897809
Thermus thermophilus HB27 lysate,Q72LA0_TT_C0159,0.16554295833773414,72.30967262058333,6730.103405394862,72.6477220331536,0.9637230355397699
Thermus thermophilus HB27 lysate,Q72LA1_TT_C0158,0.15309483997088588,79.79717125389158,2511.4268072312216,80.7429475837996,0.986590899452864
Thermus thermophilus HB27 lysate,Q72LA2_TT_C0157,0.40125453440701,87.4991107879707,9999.999999999998,88.82451857502527,0.93107940577813
Thermus thermophilus HB27 lysate,Q72LA7_TT_C0152,0.1469700364276541,84.32920247958603,1849.91524601778,85.69547577875402,0.9604983939496587
Thermus thermophilus HB27 lysate,Q72LB2_TT_C0147,0.08953349141244622,79.84739675690615,1694.2022808140928,80.60269011378118,0.9806415406781387
Thermus thermophilus HB27 lysate,Q72LB4_TT_C0145,0.0975252561979898,77.04135802080712,2021.5196865663631,77.68966501658392,0.9624189305484233
Thermus thermophilus HB27 lysate,Q72LB6_TT_C0143,0.09977081621501421,82.6721450202188,5308.294060154092,82.9600637782493,0.986710365789583
Thermus thermophilus HB27 lysate,Q72LC4_TT_C0135,0.22793893421271139,87.49157112452524,9999.999999999998,87.96282795553658,0.9705190976851232
Thermus thermophilus HB27 lysate,Q72LC5_TT_C0134,2.698159760571407e-22,84.47388976572275,1869.1774493940761,84.47690704787675,0.9713208836986704
Thermus thermophilus HB27 lysate,Q72LC7_merR,0.15768237287490425,78.60935452678365,9999.999950229401,78.84645193705025,0.9643425972715814
Thermus thermophilus HB27 lysate,Q72LC8_clR,0.14584646993386627,75.26589159555553,3100.0491643150795,75.90494371353732,0.9857100241915615
Thermus thermophilus HB27 lysate,Q72LD0_TT_C0129,0.22890444841794844,87.21694544741379,9999.999999999998,87.71702840362684,0.9719412508146181
Thermus thermophilus HB27 lysate,Q72LD1_glcE,0.21859302529590402,87.29364734901725,9999.999999999998,87.75816357482329,0.9565623997532381
Thermus thermophilus HB27 lysate,Q72LD2_glcF,0.096128380506005,79.66347081194355,1622.6811400003235,80.51375378438331,0.9748134091491604
Thermus thermophilus HB27 lysate,Q72LD4_vapC,0.057777753715002954,80.00288060598831,2683.302276598941,80.30331190092116,0.9978734278044933
Thermus thermophilus HB27 lysate,Q72LD5_TT_C0124,0.23771777823800735,89.15123234897855,8990.087987940868,89.7523499257804,0.9979827245479005
Thermus thermophilus HB27 lysate,Q72LD7_TT_C0122,0.14319101158105466,81.79785986965551,3419.276988754929,82.47723357635589,0.9563938434791514
Thermus thermophilus HB27 lysate,Q72LD8_TT_C0121,0.25089871937939867,88.43352574319647,9999.872843078834,88.98352244408572,0.948044458810415
Thermus thermophilus HB27 lysate,Q72LE8_TT_C0111,0.27626538105977344,77.7789251464298,2894.3872311648274,79.52169896243072,0.9263543168187262
Thermus thermophilus HB27 lysate,Q72LF3_TT_C0106,0.1138937718945901,76.06134740773241,1833.840361877842,76.88837766732664,0.9725084288970625
Thermus thermophilus HB27 lysate,Q72LF5_TT_C0104,0.21966877129164888,85.74060320007762,3381.406359875825,87.0188733344797,0.9567786218654069
Thermus thermophilus HB27 lysate,Q72LF6_acuB,0.2795004325112233,85.34963922904757,4707.384636541187,86.66421617703786,0.953502165306075
Thermus thermophilus HB27 lysate,Q72LF7_appF,0.15667334396086754,73.54420089523754,3078.5244309117365,74.22394745684487,0.9603570143498887
Thermus thermophilus HB27 lysate,Q72LF8_appD,0.12422945131763069,77.89314299397269,3270.8596935920436,78.43969975763885,0.9931589881964435
Thermus thermophilus HB27 lysate,Q72LH3_TT_C0086,0.1361382166397274,74.20576066741256,2631.9774054663935,74.8806541925871,0.9669046112951127
Thermus thermophilus HB27 lysate,Q72LH6_livF,0.1330662814448125,72.20555496315153,6888.184268620555,72.47168397529656,0.9661343929747159
Thermus thermophilus HB27 lysate,Q72LI0_TT_C0079,0.09969633402806755,77.20481969188549,2510.6198358671513,77.74204259006196,0.9927140757204065
Thermus thermophilus HB27 lysate,Q72LI7_TT_C0072,0.14658767142333035,82.54558382707837,2708.9986639192794,83.43914459009736,0.9788545098895184
Thermus thermophilus HB27 lysate,Q72LJ1_tsY,0.1079175139468636,82.6629310465327,4223.565280458327,83.06234162918567,0.9923966386787456
Thermus thermophilus HB27 lysate,Q72LJ6_TT_C0063,0.14228047710684716,88.58726809425525,9999.653728241212,88.8537704267418,0.9109000179245693
Thermus thermophilus HB27 lysate,Q72LK3_TT_C0056,0.18082051655180478,72.13152771026101,9483.097345692764,72.43993978919025,0.9422462535960033
Thermus thermophilus HB27 lysate,Q72LK5_TT_C0054,0.22140073829177925,78.50339751333209,2437.623322720226,80.01115513006225,0.9618283188655874
Thermus thermophilus HB27 lysate,Q72LK6_TT_C0053,0.307017752947727,86.38418622421825,6454.113846889234,87.54790999299705,0.93391250073698
Thermus thermophilus HB27 lysate,Q72LL0_fabH,0.15176014244197808,84.57787600857563,3633.5930377066134,85.30947030944108,0.9399806373114367
Thermus thermophilus HB27 lysate,Q72LL2_TT_C0047,0.14884810552152444,86.44461701533805,9999.999999999998,86.72280347143368,0.9939070454171983
Thermus thermophilus HB27 lysate,Q72LL5_TT_C0044,0.15639574404360557,79.04982112223502,2808.454524341192,79.89722438704705,0.9718373684479181
Thermus thermophilus HB27 lysate,Q72LN8_TT_C0020,0.09390064606546457,86.9388681215541,3040.643612121903,87.4672147187494,0.9472322488522293
Thermus thermophilus HB27 lysate,Q72LP1_glmU,0.2774614634457865,89.26370436562084,9999.999999999998,89.92472059970912,0.979729848556973
Thermus thermophilus HB27 lysate,Q72LP8_TT_C0010,0.13339344619581953,72.09804664793833,9999.999987580244,72.3145117044323,0.9170179621303101
Thermus thermophilus HB27 lysate,Q72LQ2_vdcC,0.17931532938679695,81.33859752059557,6067.379137958205,81.83529225337438,0.9923410895007889
Thermus thermophilus HB27 lysate,Q72LQ3_TT_C0005,0.13774237790320243,74.26416908654033,2383.5959259067126,75.01840591031986,0.9497279349489712
Thermus thermophilus HB27 lysate,Q72LQ4_TT_C0004,0.3069009083879436,88.4372234528995,9999.999999999998,89.24289715742215,0.9811652014732932
Thermus thermophilus HB27 lysate,Q745T2_TT_P0225,0.24878557585342131,81.62965878786981,9999.999999999998,82.12364124312427,0.9719264143286741
Thermus thermophilus HB27 lysate,Q745T6_TT_P0221,0.21742828056826566,82.76745750657521,4002.6005679958926,83.7700131514075,0.9560178299449215
Thermus thermophilus HB27 lysate,Q745T7_TT_P0220,0.15246034626175806,76.22182258538959,2534.019885709055,77.06887853331166,0.984106896575536
Thermus thermophilus HB27 lysate,Q745U6_TT_P0211,0.34219454767096835,85.81360586421786,9999.999999999993,86.73704833590365,0.9376221114249406
Thermus thermophilus HB27 lysate,Q745U7_TT_P0210,0.0638328895569013,76.62419122912708,2118.194301195277,77.00481904592034,0.9898671604054474
Thermus thermophilus HB27 lysate,Q745V1_vapC,0.16795952016532845,84.4734257249188,3541.645210689972,85.32079650364818,0.9858892909095782
Thermus thermophilus HB27 lysate,Q745V3_TT_P0204,0.2144864465122772,85.89019296599814,9999.999999887357,86.35732740736275,0.9634771761345593
Thermus thermophilus HB27 lysate,Q745V4_TT_P0201,0.09202997781978793,87.57146716514642,5144.163277157935,87.87763155171177,0.9348650440343457
Thermus thermophilus HB27 lysate,Q745V5_TT_P0200,0.14272111417872602,87.0859053550676,3330.6871114262735,87.86235954219845,0.9585906363820833
Thermus thermophilus HB27 lysate,Q745V6_TT_P0199,0.1845611927687701,84.51232781152827,3193.6374360410728,85.56981412024302,0.943302462534741
Thermus thermophilus HB27 lysate,Q745V7_TT_P0198,0.17430517895034958,77.3682227837049,2919.5726696979464,78.27089005457665,0.9849427547173296
Thermus thermophilus HB27 lysate,Q745W2_vapC,0.288877291676493,86.89345202703272,7340.604647614812,87.8158634809775,0.9232928610723821
Thermus thermophilus HB27 lysate,Q745W6_TT_P0189,0.13637915706436604,88.77931568172423,9999.999999999998,89.03798390861624,0.9730582559826715
Thermus thermophilus HB27 lysate,Q745X6_hmuT,0.2524628490417212,86.96858511693549,9999.999999999998,87.55928042357588,0.9718973393440324
Thermus thermophilus HB27 lysate,Q745Y4_TT_P0171,0.32799364285430016,88.20357657808063,9998.931908799443,89.05908773166401,0.932074679909647
Thermus thermophilus HB27 lysate,Q745Z0_TT_P0165,0.33228957562413725,84.1996809406919,5297.029476182303,85.72475924872754,0.9290059229058205
Thermus thermophilus HB27 lysate,Q745Z1_TT_P0164,0.2657616788581557,88.78402263238507,9999.999999999998,89.44710610727263,0.9098173980246786
Thermus thermophilus HB27 lysate,Q745Z3_TT_P0162,0.11539385702681149,73.2167863798721,3750.388086550859,73.60598539212477,0.9761903873061711
Thermus thermophilus HB27 lysate,Q746A0_TT_P0155,0.3932223922997304,87.22433301863884,9999.999999999998,88.52031879530834,0.9118357869688736
Thermus thermophilus HB27 lysate,Q746A1_TT_P0154,0.05776163800762561,74.46426115838666,3555.25967410605,74.66119503948185,0.9955226721363304
Thermus thermophilus HB27 lysate,Q746B7_fdhD,0.16428755503723477,75.20713308900626,1469.2572111977533,76.77865669406182,0.9064947652555394
Thermus thermophilus HB27 lysate,Q746C0_TT_P0135,0.16838398708637933,86.26469645608027,2091.077975739786,87.75788171287108,0.946855494658793
Thermus thermophilus HB27 lysate,Q746C1_TT_P0134,0.2947267834378404,86.33092143245754,3148.1589229489578,88.51508909447746,0.9576155900426903
Thermus thermophilus HB27 lysate,Q746C2_cas5d,0.26838332693706035,85.49605360079198,2804.6433292099155,87.5688993665227,0.9611274457013645
Thermus thermophilus HB27 lysate,Q746C7_TT_P0128,0.21202820482764628,81.26186679428785,5934.74084585208,81.88898754936605,0.9558475128899321
Thermus thermophilus HB27 lysate,Q746C9_TT_P0126,0.04058216118712356,82.29330672700664,1751.9470838992077,82.62562027622394,0.983115560826323
Thermus thermophilus HB27 lysate,Q746D0_TT_P0125,0.16679744225500373,74.07013933574959,4483.223646288939,74.59105150523193,0.9708856634149978
Thermus thermophilus HB27 lysate,Q746D3_TT_P0122,0.19316139007070732,87.92340061623352,2700.2833251124903,89.35617696466893,0.947668560080964
Thermus thermophilus HB27 lysate,Q746E3_TT_P0112,0.3138688227045299,88.69977920577156,9999.999999999998,89.55681500133154,0.9335124905282318
Thermus thermophilus HB27 lysate,Q746E5_TT_P0110,0.17526417277754439,81.54414825460512,3495.05076178805,82.39047538394748,0.9800253708199653
Thermus thermophilus HB27 lysate,Q746E8_TT_P0107,0.1506971227695193,89.21598205785254,9999.999999999998,89.53167404496757,0.9383811270105852
Thermus thermophilus HB27 lysate,Q746F3_TT_P0102,0.16736436284063202,83.73257725586399,3617.1799924052816,84.5452756882174,0.9476588899355408
Thermus thermophilus HB27 lysate,Q746F4_cas2b,0.14348377081059824,83.7337879997335,1492.9948435958156,85.35969846036011,0.9412910612780853
Thermus thermophilus HB27 lysate,Q746F8_vapC,0.4104052735206736,87.42862043150701,9999.999999999998,88.83051816311745,0.955854381681837
Thermus thermophilus HB27 lysate,Q746H0_TT_P0085,0.14028237565126975,80.57835048854427,3041.147410955171,81.29925978325105,0.9846763153757886
Thermus thermophilus HB27 lysate,Q746H7_TT_P0078,0.2164898250149209,83.64006818689252,5396.969094409251,84.41181484231933,0.9658038231592834
Thermus thermophilus HB27 lysate,Q746H8_TT_P0077,0.16585125621760888,82.48597909808167,5934.680285076101,82.95259606820072,0.9613853805962543
Thermus thermophilus HB27 lysate,Q746I1_aidB,0.1864613580905516,80.33616017150854,2220.883255255197,81.72505014900482,0.959595573142639
Thermus thermophilus HB27 lysate,Q746I9_TT_P0066,0.1459258053469648,76.93356898410221,1857.938748210503,78.05101293137685,0.967947957509172
Thermus thermophilus HB27 lysate,Q746J3_TT_P0062,0.07892480439071371,86.28575590206036,1570.624370014646,87.11010725211163,0.9191005154137093
Thermus thermophilus HB27 lysate,Q746J6_TT_P0059,0.21168146337671276,85.46529457422264,5242.8417603683965,86.26229172719579,0.9806940459292337
Thermus thermophilus HB27 lysate,Q746J9_TT_P0054,0.1247327048706773,79.6703352762218,4610.094892122271,80.07370560313943,0.9886263460980637
Thermus thermophilus HB27 lysate,Q746L5_TT_P0038,0.2517799494451439,75.90333587723602,1827.0886755174788,78.18762128077171,0.9236858293377218
Thermus thermophilus HB27 lysate,Q746L6_TT_P0037,0.48073966268926466,87.56674641359372,9999.999999999196,90.21529255715998,0.9119649492558499
Thermus thermophilus HB27 lysate,Q746M7_TT_P0026,0.09353875602523878,75.18105683557935,2770.390140392813,75.61409779126146,0.9807153803858327
Thermus thermophilus HB27 lysate,Q746M9_TT_P0024,0.18340111206811052,88.10880345818828,6098.214408219064,88.71094395761503,0.9688566201179084
Thermus thermophilus HB27 lysate,Q746N0_cobQ,0.21359321842391457,74.59594932932987,1798.0149799861547,76.37434055572855,0.9173931376701282
Thermus thermophilus HB27 lysate,Q746N6_TT_P0017,0.24821958127055374,87.37727467678222,9999.999999999998,87.91394142206764,0.9730762218097664
Thermus thermophilus HB27 lysate,Q746N8_cbiX,0.08015271209738004,72.11212155704435,7465.81744326132,72.26256523549947,0.9524083151179666
Thermus thermophilus HB27 lysate,Q746N9_cbiG,0.27372508265343914,82.13296437516868,4049.7984784588816,83.50563828478458,0.9522825068897394
Thermus thermophilus HB27 lysate,Q746P0_TT_P0013,0.09054759833315285,72.11822391748764,9507.756317760544,72.26941443012323,0.9718193027079218
Thermus thermophilus HB27 lysate,Q746P1_TT_P0012,0.20407147780382145,89.24184527471598,9999.999999999998,89.68961615961167,0.9186513673575533
Thermus thermophilus HB27 lysate,Q746P6_TT_P0006,0.37825474377795604,85.81824688144607,9770.683470750693,86.92356158977603,0.9238279827302583
Thermus thermophilus HB27 lysate,Q746P7_cobT,0.3511524618592108,84.88383517698348,5088.122354396963,86.6774886402526,0.9340193840284937
Thermus thermophilus HB27 lysate,Q746Q1_TT_P0001,0.1209222285271944,75.08856389146072,2755.561705889643,75.66834848731914,0.9860233130454134
Thermus thermophilus HB27 lysate,Q846C9_,0.1728523951382161,89.42705096261224,9999.999999999985,89.78024382922253,0.9073770170565807
Thermus thermophilus HB27 lysate,Q846D0_,0.18648765041906004,86.94787384689552,9999.999999951453,87.34664007378854,0.996377034981967
Thermus thermophilus HB27 lysate,Q84B24_mpgS,0.16901815956979738,80.8756560548952,2945.3201199128894,81.809776893827,0.9888942163179292
Thermus thermophilus HB27 lysate,Q8GBB2_trmI,0.1876170597836651,87.52225770231766,9657.04406566329,87.90185005520438,0.9749679339061144
Thermus thermophilus HB27 lysate,Q8GR83_,0.3612065040479372,89.36990832712038,9999.999999999998,90.49432424477664,0.9084526210468146
Thermus thermophilus HB27 lysate,Q8GR85_gdhA-2,0.1362777588349562,82.91425925359839,6060.083982347706,83.2983522319998,0.9859754027484533
Thermus thermophilus HB27 lysate,Q8GR86_gdhA-1,0.22788204044151342,83.84435394793877,7079.3712335472765,84.49311121940914,0.9585340288613152
Thermus thermophilus HB27 lysate,Q8KLI7_udgb,0.15755890902842054,83.03644524771256,4827.2329937378145,83.59753356388677,0.9720700572896336
Thermus thermophilus HB27 lysate,Q8KPZ1_comZ,0.1346192318318756,79.05012757113118,7393.184488064576,79.34680030513734,0.9500529830889027
Thermus thermophilus HB27 lysate,Q8KZT3_icd,0.10013930727948828,85.34263135905587,4083.205947227092,85.74884675754264,0.9905245308843833
Thermus thermophilus HB27 lysate,Q8RQU3_pilM,0.16105756278805516,81.80937562229437,3310.6979359135985,82.61594306878753,0.9899147347938284
Thermus thermophilus HB27 lysate,Q8VRK4_dprA,0.16231566475872097,75.3287254542818,2329.9431905150263,76.30882468645939,0.9735174102238127
Thermus thermophilus HB27 lysate,Q8VRL0_pilT,0.10329612000871985,77.20130206767467,2199.8549669994895,77.83706840704454,0.9884995926651697
Thermus thermophilus HB27 lysate,Q8VRL3_pilC,0.22054934286092165,75.91123018155615,1545.411483838316,78.15085581832626,0.9009896055677925
Thermus thermophilus HB27 lysate,Q8VRL6_pilO,0.2824441117997217,82.53424052408886,6474.470467791008,83.4685497394396,0.955589142207615
Thermus thermophilus HB27 lysate,Q8VUS5_lysK,0.11590589912589604,75.26521493674697,3995.6216659400793,75.65178729564978,0.9823449996470474
Thermus thermophilus HB27 lysate,Q93HR1_gyrB,0.26104035512590146,82.08768555414731,9999.999999998014,82.64382829350328,0.9223381040179698
Thermus thermophilus HB27 lysate,Q9F0S9_tmpR,0.12093507270875448,86.56117201365034,9999.999999999998,86.77338031327035,0.9904752214189979
Thermus thermophilus HB27 lysate,Q9RA61_bglT,0.34163017353465586,89.40639140338048,9999.999999999998,90.41498892200163,0.9764654479666379
Thermus thermophilus HB27 lysate,Q9WX77_,0.1564229151788396,85.88615709282027,5146.352256971372,86.4469726950381,0.9676418704264397
Thermus thermophilus HB27 lysate,Q9ZND9_hacB,0.15497158935913313,84.30233850590542,3821.3987232612244,84.99804260674888,0.9904717468600409
Thermus thermophilus HB27 lysate,Q9ZNE0_hacA,0.24364552368509282,77.92085151769757,1954.486761278817,80.05637078576032,0.9553823000628769
